snr_db,alpha,seed,MVL,MI,DET,L,Lmax,ENTR,LAM,TT,RTE,higuchi_fd_phase_theta,katz_fd_phase_theta,petrosian_fd_phase_theta,svd_entropy_phase_theta,permutation_entropy_phase_theta,sample_entropy_phase_theta,spectral_entropy_phase_theta,DFA_alpha_phase_theta,hurst_phase_theta,lempel_ziv_phase_theta,hjorth_activity_phase_theta,hjorth_mobility_phase_theta,hjorth_complexity_phase_theta,higuchi_fd_amp_gamma,katz_fd_amp_gamma,petrosian_fd_amp_gamma,svd_entropy_amp_gamma,permutation_entropy_amp_gamma,sample_entropy_amp_gamma,spectral_entropy_amp_gamma,DFA_alpha_amp_gamma,hurst_amp_gamma,lempel_ziv_amp_gamma,hjorth_activity_amp_gamma,hjorth_mobility_amp_gamma,hjorth_complexity_amp_gamma,independence_ratio
20.0,0.15,54000001,0.0366476453527957,0.0005500612198619,0.9091317568626632,3.9597214636810487,31.0,1.874441349553672,0.837594959194976,2.231076473453483,0.6836774190147884,1.4092502370427002,1.0072971949321583,1.0021953364684106,0.5467950545330601,0.4973350332366572,0.1086076082854182,0.8811015330264147,1.0173017526057049,1.0173017526057049,0.1563069153157184,0.0123763462782963,0.9676822666792836,1.7292626390789756,1.1022790395165585,1.00462899744071,1.0070004827818473,0.3321199042808029,0.6602703880801111,0.6052645366046241,0.6981774789890303,0.676342841597766,0.676342841597766,0.4465911866163384,0.2585519513908045,0.2737667755933102,1.5380931070689436,0.995898559832634
20.0,0.15,54000002,0.0533100106483022,0.0008993695637225,0.8777247380871916,3.812910033490848,37.0,1.8007458603080766,0.8382160358229132,2.273011054470474,0.6849449908425852,1.5035701195770497,1.009418244787757,1.002620588487418,0.6737205528848992,0.5163350385915667,0.0932039646117776,0.9158621603395994,0.842976988493172,0.842976988493172,0.1395597458176057,0.019545705381389,1.174929059332365,1.4571497828889366,1.1098087019987974,1.0057893866016905,1.0072853040806675,0.3477335380248019,0.6684458083992026,0.6339911441769891,0.7007800651790388,0.680051142454926,0.680051142454926,0.4298440171182257,0.2353240987172401,0.3098429601634495,1.398088625180003,1.0017872347633183
20.0,0.15,54000003,0.0374973865537177,0.0006180368349732,0.8729219235122478,3.695977137832491,29.0,1.7459414142413776,0.8419883077370383,2.2752998947737635,0.6895265262751656,1.4164699166566703,1.0077363734065303,1.0025674868197152,0.5144925010579342,0.5148633655019547,0.1234847845552609,0.8270320278697788,0.8654203073642128,0.8654203073642128,0.1618893051484226,0.0131707442217487,0.7417011568417518,1.972879888547964,1.1049709319573038,1.0057649150594443,1.0069227269142154,0.343118263252487,0.6580769716370598,0.6387179875280237,0.7029248670813611,0.5502477267790457,0.5502477267790457,0.4800855256125638,0.2286970282544862,0.3071146398187105,1.39572856420195,1.0023882885097282
20.0,0.15,54000004,0.028687437870728,0.0005260774908764,0.8804698512137823,3.734918947648153,28.0,1.77272567556521,0.8443539545810493,2.262896478390441,0.7032905398424072,1.4263626901194268,1.0084625800040976,1.0023283355508723,0.544441244376017,0.50431636795004,0.1280473656225542,0.8314153996751864,0.9059650792061956,0.9059650792061956,0.1507245254830142,0.0143507106996264,0.7923538180436411,1.90150056672026,1.113530430710085,1.0055181411865346,1.0074404737786713,0.3349117213972681,0.6725467936751708,0.6464267607760158,0.6993298661194239,0.5508201399684752,0.5508201399684752,0.4912503052779722,0.215069217607801,0.2998818907347023,1.4575208842739964,1.0004847507329435
20.0,0.15,54000005,0.0337996068375794,0.0004778217729693,0.89391859065081,3.8386321375119055,36.0,1.8180798982053596,0.8328721404279589,2.221320826467233,0.6757258430814974,1.191245168652214,1.0040783028574134,1.0022219441408642,0.2692019329600597,0.5010605223414382,0.1661141680471657,0.7050377354472293,0.8932051585468409,0.8932051585468409,0.1172301864867888,0.0064217212073314,0.371462274398967,2.918809906188568,1.1124245400287025,1.0052737007191612,1.0072594296200987,0.3423919058830619,0.6672476570951995,0.6282150486770381,0.6992309796730222,0.6370359713656996,0.6370359713656996,0.4689207459471553,0.2442644383864032,0.293646647796802,1.48837950337402,0.993708511870089
20.0,0.15,54000006,0.0223429885477399,0.0002933186144168,0.892917474816993,3.821187915569637,28.0,1.80987473612075,0.8486516924231996,2.2519092418372995,0.6832599893807643,1.4029525540072358,1.0075073967868635,1.002620588487418,0.4805870106492277,0.5166808116128184,0.1260099149068217,0.827200173037981,0.9399223540925652,0.9399223540925652,0.1842188644792396,0.0107803988398766,0.719213292374474,1.9803708884330165,1.1069075834568625,1.0050763318185574,1.0070004827818473,0.3280218937209143,0.6592322500631077,0.640631163048795,0.6977980186249713,0.6456044605300991,0.6456044605300991,0.4745031357798596,0.2300356454677424,0.2871311962633654,1.4735504519468168,0.9927479540361832
20.0,0.15,54000007,0.0393733133046601,0.000844498083599,0.8733298264071542,3.699197860962567,26.0,1.751905485108343,0.8182903734876381,2.218977789823545,0.678631291738246,1.4193899791008144,1.007962063073672,1.0021687248651634,0.5353856917154768,0.498881279712166,0.1141156868230767,0.8492515916752191,0.9668093678205708,0.9668093678205708,0.1451421356503099,0.0135555200810636,0.8414774561899326,1.8685571407891792,1.107302229210379,1.0059881030237443,1.0070523015955892,0.3513067356857478,0.6612706295422437,0.6327767005503582,0.693806078933009,0.6311505150797556,0.6311505150797556,0.4800855256125638,0.2404383820944114,0.3140667413924383,1.3702434324889203,1.0041267823590647
20.0,0.15,54000008,0.0125182615350247,0.0003815325494528,0.8978796694006574,3.863921905364487,25.0,1.8328790646558293,0.8411589880383529,2.248245663279627,0.6986619163828657,1.374427373011729,1.0070943553456615,1.0023283355508723,0.4641281812982945,0.5052718448413566,0.1307654852809313,0.8157525995782766,1.0854700625945848,1.0854700625945848,0.1395597458176057,0.0111165702280577,0.6912051665753414,2.083866992396945,1.1106437434664085,1.0048394613574607,1.0072853040806675,0.330419722586236,0.6682611398445697,0.62814769228335,0.7078549317014166,0.8535803124713378,0.8535803124713378,0.485667915445268,0.234678291063672,0.2798026618681697,1.5496877980194634,0.9999614395191924
20.0,0.15,54000009,0.0131871477179156,0.0001793854056268,0.8790851741671414,3.835059137558102,33.0,1.809071405999174,0.8207586978078781,2.203083631833048,0.6852409941260291,1.4615229583230784,1.0092409865108467,1.0028858625464103,0.526550646183767,0.52669833368266,0.1167997922647667,0.8543674242096821,0.7736698059262834,0.7736698059262834,0.1730540848138311,0.0131401103415877,0.8350854217101696,1.847845658209422,1.1057111840784797,1.0055792314215533,1.0071817841944062,0.3413581227741111,0.6650492077857182,0.6275271186709734,0.689228734904107,0.6191397537473193,0.6191397537473193,0.4577559662817469,0.2214400614201611,0.3022257456111005,1.411957098214026,0.999044687221926
20.0,0.3,54000010,0.0745986396445361,0.0021286380846915,0.9081945730064797,3.970445141635975,29.0,1.8769686797427805,0.8373306014623138,2.227653186867918,0.6928978900291728,1.4057816390386109,1.00841466080299,1.0022485478839311,0.5293422536917509,0.5012922087972492,0.1137496359636303,0.845354520175768,0.8497689801852852,0.8497689801852852,0.1507245254830142,0.0133842457640526,0.7914191286251918,1.9457197125439043,1.093940688737762,1.00475152871857,1.0065854006532478,0.3493449330080199,0.6481036734185958,0.5977029319175586,0.6879492578190097,0.5481755154588209,0.5481755154588209,0.4465911866163384,0.3198568753927752,0.2788528655493655,1.4492353126195892,1.0104336320149003
20.0,0.3,54000011,0.0810021714836072,0.0022145130589779,0.8873272621108595,3.864376533571269,34.0,1.8280001232565863,0.8232004015611715,2.216582997738181,0.6829363948811968,1.3447915870708615,1.0069977985237932,1.0021154898606548,0.4748590835409687,0.495865695507824,0.1421773588363731,0.8293107289743498,1.0337321902078809,1.0337321902078809,0.1507245254830142,0.0111608757864572,0.7274175828766505,2.0050958925688027,1.1058142691711077,1.00570246185386,1.0072594296200987,0.3553758602773073,0.6672044003471842,0.625706398259829,0.6977332869864386,0.4575968557646595,0.4575968557646595,0.4577559662817469,0.2672997793847281,0.3060119835511311,1.3828541401314784,1.0115528951605208
20.0,0.3,54000012,0.0601207210472837,0.0012632142810302,0.8831579838692606,3.783910026756156,27.0,1.7906508409934412,0.8307701263786278,2.225200578346044,0.6880770847623743,1.3072648277695524,1.0059105456749438,1.0027002116796568,0.4336112426544628,0.5199938796330428,0.1467611420432652,0.807840704224549,0.760305250388432,0.760305250388432,0.1395597458176057,0.009042967134525,0.6630108347582191,2.1838328844863235,1.1035976813133692,1.0055679014509462,1.0070263940310042,0.3440042472751375,0.6608316886530262,0.6399316314584957,0.6898005889128238,0.4456736788788922,0.4456736788788922,0.4465911866163384,0.2385757845293402,0.3012320451850607,1.4199617978349703,1.0338436632271304
20.0,0.3,54000013,0.0709979593224746,0.0022395421697766,0.8891333410528753,3.747005589566143,31.0,1.7801661398830433,0.8189995473541269,2.2138517791341217,0.693707750739302,1.3719346656126492,1.0080543952547607,1.0026471334580116,0.501492060903203,0.517038579068721,0.115830513628335,0.8138381988630667,0.9064946253111502,0.9064946253111502,0.1395597458176057,0.0139790704465228,0.6971284346143984,2.1096749928477343,1.103998796615797,1.0052530138641087,1.0072594296200987,0.3539168157377609,0.6665886958499453,0.6140744073920058,0.7007953877828323,0.6465723811174897,0.6465723811174897,0.4689207459471553,0.2862557630414217,0.293874376562465,1.442699375427202,1.0041049691808903
20.0,0.3,54000014,0.0613499659482611,0.001408904122636,0.8982586516358598,3.845338126263761,28.0,1.8261505010702372,0.8350809795215753,2.233297776779699,0.6953047223493076,1.435788010940178,1.0084146229668578,1.0023283355508723,0.5266342072411394,0.5046404523438502,0.1029072336950867,0.8374544580296774,0.9086374806078604,0.9086374806078604,0.1395597458176057,0.0138208836416993,0.7929856535736401,1.9385499576858864,1.1046547025323032,1.0050238276653318,1.0073111748693486,0.3364564339333638,0.6685862162627165,0.6250309618692322,0.6931591004365444,0.7006080770190439,0.7006080770190439,0.4689207459471553,0.242661512254056,0.2855747595039857,1.4902177688528904,1.0152854506868625
20.0,0.3,54000015,0.0785822145386909,0.0025136951251756,0.8902812211491582,3.874322860238353,35.0,1.830923721782137,0.8393688862148733,2.24570167769868,0.6874738423069581,1.4993194874661573,1.010005818484407,1.0021154898606548,0.6412261664238934,0.4962850193777027,0.09046183819906,0.8861193659292467,0.8686820497516179,0.8686820497516179,0.1507245254830142,0.0192598920909614,1.0119962689235351,1.6317085384845518,1.1007465333964352,1.0054390346764286,1.0069227269142154,0.3529808291355726,0.6581723304259302,0.6153474644809903,0.6977171280502505,0.6443741406662503,0.6443741406662503,0.4410087967836342,0.2789690271805729,0.2990419233143183,1.4028197477968605,1.0132065092643967
20.0,0.3,54000016,0.0707502168437979,0.0022295486612995,0.9082590999442592,3.937625387561554,30.0,1.8628292935640884,0.840602421042668,2.226719971026202,0.6755192716338482,1.3671653848793512,1.0067010773616958,1.0021687248651634,0.4048414238790327,0.498874515602815,0.1194716874895489,0.7830561188385318,0.7881370422666825,0.7881370422666825,0.1339773559849015,0.0092327342405191,0.5736147933723695,2.1987201357798685,1.109923531162874,1.004916658330489,1.0072335514863762,0.3402967221050533,0.6669464333178796,0.6264183135337378,0.7000822658756997,0.6083251716213472,0.6083251716213472,0.4689207459471553,0.2630095174665094,0.2833141147307025,1.5271306788029064,1.011288370263368
20.0,0.3,54000017,0.0667338274624105,0.0019859350953022,0.8963272172206473,3.812171532040807,29.0,1.808590284858306,0.8313707776497098,2.2280709077753658,0.6879476626866877,1.1945812519060512,1.0040008931944746,1.0021687248651634,0.2935306225526761,0.4967135401170632,0.1579758685055647,0.7103665222203621,1.0876606428870867,1.0876606428870867,0.1395597458176057,0.0065555244897249,0.4241289061909573,2.7508772960286563,1.105754129197794,1.0053322245532006,1.0068968009140395,0.346644819566445,0.6569728800713744,0.6302544803760092,0.6963804871615682,0.5016161370535978,0.5016161370535978,0.5079974747760849,0.262651994841696,0.2945265733265532,1.4386292019562832,1.016014963565309
20.0,0.3,54000018,0.0756828671692174,0.0019982670972685,0.8808940981226014,3.758996149249768,27.0,1.781276487397587,0.8313556684991183,2.2468253300815744,0.6930137690405103,1.294351425030109,1.0062731498510438,1.0021421093297145,0.4320255926138755,0.4966293387388507,0.1413233988047747,0.7936745077342237,1.0520122245217254,1.0520122245217254,0.1618893051484226,0.0090228962683528,0.6612274690869272,2.24838756252036,1.1074682697058391,1.0058354928171256,1.006948649224726,0.3503866100649938,0.6590556600468542,0.6393638203880304,0.6977064807319432,0.4634664208884462,0.4634664208884462,0.4521735764490426,0.2434561957653007,0.3095726652595384,1.4087233686774518,1.0121404141487231
20.0,0.5,54000019,0.1409372529351916,0.0071841548681136,0.9108437723045733,3.933616260888988,30.0,1.8695818588834607,0.8188584196207834,2.216291505683409,0.6837582451539581,1.452896444411528,1.0088026972366115,1.002008972620108,0.5507296039693927,0.4916070308548889,0.1026172437973277,0.8523418424328776,0.8681968297278094,0.8681968297278094,0.1283949661521973,0.0147493130356894,0.8259482374935223,1.8416770851627997,1.11922710613664,1.0054018718463429,1.0076987969313431,0.3594972505470439,0.6793817435690436,0.627430792702083,0.7018761285166896,0.7632425966713922,0.7632425966713922,0.4521735764490426,0.3023028333702214,0.2982069960841225,1.478202952836601,1.055481285400951
20.0,0.5,54000020,0.1416627995922574,0.0073384155255571,0.8981800554308537,3.9697717745691663,28.0,1.8768043046958576,0.8184481468601478,2.1919451343418377,0.6724463523392136,1.571900518175414,1.0113308244290031,1.0027267449334951,0.6382455450477682,0.520931342970546,0.0862939635211447,0.8920099097583816,0.7473890511509773,0.7473890511509773,0.1898012543119438,0.01924796936491,0.9826012480127346,1.60806982242237,1.104243837435873,1.0059677221874377,1.0070263940310042,0.3680068333361825,0.660801706531355,0.6230926326780777,0.7036073315831719,0.5262818644468522,0.5262818644468522,0.485667915445268,0.2907438123317761,0.3147415175744476,1.3516915449911333,1.06740158392283
20.0,0.5,54000021,0.160586621030451,0.0086419730334615,0.909235356630658,3.980666726894932,30.0,1.8820849356699847,0.818553254712601,2.210596709252268,0.6743848962690601,1.3038069683178584,1.0059939708131058,1.0020356078377133,0.4175467086534024,0.4934911175671959,0.1226442951364825,0.7871056225070108,0.739017710970424,0.739017710970424,0.1507245254830142,0.0090708269463921,0.5974907068514395,2.141306087315831,1.1036484240957711,1.0057662621847714,1.0069745678468454,0.3694497832928775,0.6597241528232788,0.6071719507814912,0.7019096010285041,0.6660952943606409,0.6660952943606409,0.4577559662817469,0.3211361088121657,0.3078024310432188,1.364250237419475,1.0841821804493046
20.0,0.5,54000022,0.1524744907962327,0.0082515492904161,0.9023190080257484,3.977129086527532,27.0,1.88034366429838,0.8097134250758217,2.189944757547012,0.691546231260636,1.5177867209457512,1.010684553811247,1.0020622391160647,0.6322968381681399,0.4923483600823135,0.1077952231859994,0.8790950444761676,0.8876344577807301,0.8876344577807301,0.1674716949811269,0.0206482115616067,0.9312654243916536,1.6960632954571495,1.1069235821143206,1.0057513495282342,1.0071300021946208,0.3781424868865841,0.6639781773443238,0.6129587126016638,0.7030310404163974,0.6843910974914499,0.6843910974914499,0.4800855256125638,0.3574806355046993,0.3087712785648316,1.3708998114120292,1.0619489661154735
20.0,0.5,54000023,0.1382221367598126,0.0074237116714985,0.8903756112787431,3.776434245366284,31.0,1.786802475505947,0.8065237748413276,2.1961412058023573,0.6655117036038416,1.2205239949380475,1.0050580750434512,1.0027267449334951,0.3404805012792956,0.5207877701005693,0.1356778407542499,0.7318027145738321,1.0504066909228662,1.0504066909228662,0.1507245254830142,0.0088216124231004,0.4353383980034467,2.614645458652848,1.1108700673372187,1.0060961868304623,1.007104105676127,0.3600764687851035,0.6627357323413033,0.6375955304490767,0.7065246160159958,0.4359496844192141,0.4359496844192141,0.4800855256125638,0.253599735676943,0.3172658230007992,1.3784040495179857,1.0831983443205908
20.0,0.5,54000024,0.1410486151209477,0.0077728830897696,0.8955350414468727,3.807199430452968,32.0,1.8032682979051569,0.8203026877668927,2.2173341066300765,0.6871638398800046,1.4935247468668502,1.009327044046909,1.0022485478839311,0.6403726460646838,0.5021976436602931,0.1002618154706218,0.8964296156908779,0.8438116655804077,0.8438116655804077,0.1730540848138311,0.0179644750745515,1.0653997417915204,1.5799895269009876,1.110510503485337,1.0060560848453728,1.0071558950336243,0.3651932092109,0.6646470687671663,0.6370447777196057,0.6954292043367873,0.5863729966008415,0.5863729966008415,0.4800855256125638,0.2911494852211199,0.3155864093714674,1.358833023523495,1.1024727662363727
20.0,0.5,54000025,0.126036724584459,0.0065260671501099,0.9030352371409486,3.926211653657651,33.0,1.8580884593132057,0.8257765531062125,2.233022861981372,0.6736761013965472,1.2924804853771528,1.005553665178242,1.0029123685098469,0.4414560818434827,0.5270556108552269,0.1488127419018194,0.8135427271404095,1.096139615009145,1.096139615009145,0.1674716949811269,0.0082672220059518,0.7295277197130777,2.114679644886561,1.1088373648680487,1.0058540702440997,1.0072594296200987,0.3651799408479402,0.6672685018678228,0.6185220334365186,0.6969072186050161,0.7641061439092195,0.7641061439092195,0.4689207459471553,0.2762557489889824,0.3121292712625206,1.3970101309917995,1.03345092063571
20.0,0.5,54000026,0.1316337561776084,0.0072135112780176,0.8998185807104886,3.930974103769238,34.0,1.861260057967554,0.8169669226225635,2.209559400362293,0.674263506309068,1.2746066930768385,1.0056544561208018,1.0021953364684106,0.3534151147679655,0.4988306641181866,0.1473746798906879,0.7646669524824415,1.1243935424886211,1.1243935424886211,0.1674716949811269,0.0077316587966449,0.5062154828025263,2.338866285952874,1.110016840214259,1.0057731260664615,1.0071558950336243,0.3664606528075136,0.6648793817795465,0.6364188424780052,0.7032610418139356,0.7129889107478288,0.7129889107478288,0.4633383561144511,0.2987304683919632,0.3085748912821465,1.4026195500989571,1.0552709803047708
20.0,0.5,54000027,0.1627714309006416,0.0101470073617964,0.8950720290651007,3.8965057471264366,29.0,1.8466599896761275,0.7986935490684804,2.212345498427558,0.677977908420946,1.4519532875876937,1.00845744663736,1.002275147699018,0.48341426205319,0.5026784995660528,0.0994881750463134,0.8266624301925863,0.7690576743682044,0.7690576743682044,0.1618893051484226,0.0115772864238253,0.7077036826740369,1.9480787503559107,1.1078546853021096,1.0063753992642153,1.0071558950336243,0.3741892673169388,0.6644638773432128,0.6278895060860905,0.7089331752777329,0.5460905600630459,0.5460905600630459,0.4968326951106765,0.2991515893200911,0.3248552994161078,1.331967467970404,1.1140103221499311
20.0,0.7,54000028,0.2970893857442812,0.0307396074350687,0.9142779655359452,4.071063632141199,37.0,1.924807028186637,0.7071650602912338,2.101210308543445,0.6500725346926166,1.4269528719853777,1.008660855109403,1.003097801325358,0.5867576381052491,0.5349259802890418,0.1179844533870712,0.8725267868590102,0.6348958158604876,0.6348958158604876,0.1898012543119438,0.0149496800957946,0.9405758212620152,1.7297684179227175,1.1113627949475344,1.0071490925813151,1.0072594296200987,0.4164190753821181,0.6672781265227199,0.6079679592623779,0.6881765456936705,0.8404347792823906,0.8404347792823906,0.4912503052779722,0.4849507836996884,0.3452771997596874,1.2535683039834025,1.3283129096332755
20.0,0.7,54000029,0.2540235580547386,0.0236511869740932,0.913284037969086,4.072689750057326,30.0,1.922319731003833,0.7339850057077039,2.0995954990071337,0.630233506837912,1.452063320061615,1.0076867337634574,1.0022485478839311,0.5256112858041454,0.4996758518548965,0.0986082549064762,0.8873108082808231,0.9460593546594538,0.9460593546594538,0.1339773559849015,0.0136242542554603,0.8592124927555737,1.7179973676801676,1.1128402059623157,1.0070095261447485,1.0072853040806675,0.4123378095194241,0.6681358092640217,0.6121867570295333,0.691978254764751,0.5634293777310699,0.5634293777310699,0.5135798646087892,0.4240528315107333,0.3436126145031307,1.271228635214716,1.212702912798681
20.0,0.7,54000030,0.263413488003798,0.0256152191302344,0.9074041165340831,4.027513571196585,32.0,1.8969642682824424,0.7324984581290572,2.1245831059365714,0.6425975283572968,1.2263865857220242,1.0050468993341488,1.0021687248651634,0.2935902592883539,0.4982164390643439,0.1563115858019716,0.7194027797712821,1.2316151535535755,1.2316151535535755,0.1730540848138311,0.00722341246788,0.4172702311248001,2.452543467240691,1.1124965486834977,1.0072752347170173,1.007337041987406,0.4211354296854323,0.6693599326609695,0.6106544117431291,0.6716370344075225,0.5585512250422563,0.5585512250422563,0.4745031357798596,0.4569749107199665,0.3499005950337469,1.2472095019493763,1.2298967268140817
20.0,0.7,54000031,0.251502680427827,0.0226974074451732,0.9072684095583402,4.012142522269104,31.0,1.897929064132717,0.7448794605941098,2.1221589622000394,0.6695068552357041,1.3192064844128517,1.0076707202730928,1.0025674868197152,0.4109152357390005,0.5149877455706171,0.1336364832088848,0.7784757954597888,1.0208234087680164,1.0208234087680164,0.1563069153157184,0.0107910302438456,0.5402465384217321,2.2677940008138133,1.1136231597598183,1.0068371171387651,1.0072335514863762,0.4119766861043221,0.666473435656793,0.6200134570767407,0.6989634245021189,0.5899527045598397,0.5899527045598397,0.5079974747760849,0.4435958335301291,0.3380961142134136,1.3053770185564737,1.1859426581280743
20.0,0.7,54000032,0.2570230897690487,0.0231972361004991,0.907427385892116,4.0040280129994965,40.0,1.8939349713406533,0.7236255186721992,2.0934995948500945,0.6580968693880674,1.5328062705787366,1.010406687995243,1.002434664180612,0.5952667342614155,0.5092526373395759,0.0955252671494512,0.8721359698619329,0.8617895814973793,0.8617895814973793,0.1786364746465353,0.0179315406983333,0.8957015732481309,1.7195774753097952,1.110823098967167,1.0069994605224792,1.0072853040806675,0.4102816177500825,0.6683804584176881,0.6091487744433022,0.6898886432648057,0.6481452095547436,0.6481452095547436,0.5024150849433807,0.4072085695593876,0.3425576337721905,1.265181162234588,1.21448522065779
20.0,0.7,54000033,0.2580357684612173,0.0249871144680886,0.9240225424218652,4.125103677080453,42.0,1.9452260913958184,0.7514140621774493,2.1439194263248567,0.6513464926992485,1.2449297382000233,1.004778077612093,1.0022219441408642,0.3681558256324735,0.5007714774463974,0.1335774765064126,0.7589037776447602,1.1449952023116428,1.1449952023116428,0.1395597458176057,0.0085595289883316,0.5154347025295873,2.425866764493356,1.1119726858588448,1.0068258760073148,1.0073887652167062,0.4131608140433677,0.670939993540339,0.6188958793942316,0.6970006711827714,0.5012270612200911,0.5012270612200911,0.4689207459471553,0.4535274220397546,0.3373093585833517,1.295343427978813,1.2238364918354117
20.0,0.7,54000034,0.2324174003308341,0.020574220085318,0.908552974268153,4.046397253282605,36.0,1.9118482877347884,0.7440306281904365,2.1184872080088986,0.6597321334108961,1.3688719259444662,1.0072440711299415,1.0022219441408642,0.4540756035675019,0.5000618566434756,0.1213055171985777,0.7927289856781242,1.0281438797325488,1.0281438797325488,0.1618893051484226,0.0114215563433439,0.6237648094968237,2.2086151455055494,1.107237960134036,1.0065959417077135,1.0072853040806675,0.4078320163244265,0.6678846967045197,0.5748928465085006,0.6992609360072964,0.5617198274701841,0.5617198274701841,0.4633383561144511,0.4324329690100209,0.3333036033273786,1.281615622554292,1.1710530617201462
20.0,0.7,54000035,0.2737926215937465,0.0259131823948625,0.9017141908438135,3.909307661163345,30.0,1.8525153428552164,0.6981540281409538,2.0991014881602346,0.6491393637628584,1.3488426492767416,1.008295034979749,1.0021421093297145,0.4565491945698481,0.4961577917414407,0.1247262298902138,0.8109939096215844,1.108726275192641,1.108726275192641,0.1618893051484226,0.0114674253078399,0.6472268762241951,2.13099230650604,1.1173686262331768,1.007640966553178,1.0072594296200987,0.4150171574709299,0.6675572774798678,0.6272171865958365,0.6935795268840547,0.5050520538543893,0.5050520538543893,0.5024150849433807,0.4103322559261829,0.3584548266046743,1.2425428970367338,1.2779641445308951
20.0,0.7,54000036,0.2542629939235359,0.0232923217561692,0.9079118433232446,4.03629722106626,33.0,1.897467678104164,0.729310326895275,2.084793887228887,0.6407944173846031,1.5364943673730895,1.0095906172471834,1.0032036774692303,0.6679709367353754,0.5385916152199889,0.0942996429483676,0.912323480458698,0.8720072250998858,0.8720072250998858,0.1898012543119438,0.0201548885501036,1.1543205205286582,1.4770800163758993,1.1054553422354656,1.0068772040725027,1.0071558950336243,0.4050007948064112,0.664650818156403,0.6135524649536869,0.695248036002597,0.5235210843864008,0.5235210843864008,0.485667915445268,0.409145424918604,0.3393087694980839,1.2490058146482426,1.233725506157782
20.0,0.9,54000037,0.4931992666849162,0.089291173689934,0.927892936619138,4.3759109901856,41.0,2.0402263584124705,0.5908884859474162,2.054005658417792,0.5941496146391546,1.4004748176302908,1.008204788814936,1.002088866456575,0.49497024358134,0.4956850684037189,0.1020542740002649,0.8099624074531427,0.7467413013224447,0.7467413013224447,0.1172301864867888,0.0133768774110243,0.6716316930149043,2.0951320209523394,1.1131027726622245,1.008399324261004,1.0073111748693486,0.476572858488812,0.668712943259789,0.5792117380367584,0.675000464655482,0.3865709691245989,0.3865709691245989,0.4745031357798596,0.9728357492695332,0.375975322215816,1.165854330392094,1.7663047921065638
20.0,0.9,54000038,0.463500205643553,0.0789367588717963,0.9360661129841296,4.546126198083067,37.0,2.10241620899082,0.6288802318888249,2.041049506271684,0.5997771839302773,1.3855095464267484,1.0073431828327482,1.002620588487418,0.4870237518026801,0.5168068602023065,0.1108525167834074,0.8312503817106406,0.7266083780575476,0.7266083780575476,0.1563069153157184,0.0104298854469625,0.7670684039019436,1.999653889699095,1.1102139455335642,1.0078335794006954,1.0071817841944062,0.4723096759642014,0.6649468443616604,0.5736208936332962,0.6950656072601036,0.4052207285944897,0.4052207285944897,0.4800855256125638,0.9458908681146624,0.3627749691571115,1.1960465854019533,1.608396797369294
20.0,0.9,54000039,0.4817469048371812,0.0865430690690596,0.9336455241041935,4.363671894083736,35.0,2.0375895964602626,0.6018052013212359,2.083882293325612,0.609659234722344,1.3151535283913391,1.0064168585722786,1.0025674868197152,0.4228025105293192,0.5145153180882693,0.1196889517221693,0.7693001650286915,0.8606477403896459,0.8606477403896459,0.1451421356503099,0.0111627273427197,0.5596543720590862,2.311886759014444,1.112842128384307,1.0077708363438638,1.0073887652167062,0.4729563681143413,0.6712746095174716,0.5672144191080055,0.6869887332005041,0.4787290003811456,0.4787290003811456,0.485667915445268,0.8765115687855657,0.362160758419581,1.1991894754877384,1.6666083360647872
20.0,0.9,54000040,0.4790216711137832,0.0877931932158637,0.9400377082453304,4.544779836620841,49.0,2.1030509120461405,0.5902937328072038,2.038950177935943,0.5871959055300575,1.4197275607159463,1.0073346006216188,1.0024878049809298,0.5024455159609101,0.5113825030941085,0.1286239424793281,0.8437718181732555,1.017653075646784,1.017653075646784,0.1283949661521973,0.0100942558768281,0.8142530897747544,1.9069837195700967,1.109871069579784,1.0079176489956954,1.0072076696782342,0.4763100960528347,0.6654374618323975,0.5752554315262737,0.6704431612144215,0.4850769644250866,0.4850769644250866,0.4745031357798596,1.1389353145826044,0.3653174983819821,1.1825606202146737,1.795293053353454
20.0,0.9,54000041,0.4491597796577576,0.0737315345307204,0.935070236774342,4.482237832413447,33.0,2.079435303089924,0.6162413381623296,2.0420749579423854,0.5875582381784046,1.428691864119444,1.0079642449369497,1.0021421093297145,0.5756139401590218,0.496681358685509,0.1085907705586846,0.8781675854202117,0.8171457163208552,0.8171457163208552,0.1451421356503099,0.0141523618656059,0.942934733824784,1.723498010031958,1.1134689361299746,1.0074777078722523,1.0074404737786713,0.4723491066910152,0.6726717612456323,0.5744037145569724,0.6842153335782468,0.5739975981670951,0.5739975981670951,0.5191622544414934,0.9751025028954416,0.3562994445749587,1.2188025517894403,1.5312724928431427
20.0,0.9,54000042,0.491159939016517,0.0895764800009749,0.9334413023588428,4.461871009902981,43.0,2.073260428500033,0.5687776714446466,2.0289042277825717,0.6061556002045039,1.3458953390715689,1.0072693562960382,1.0023549235904488,0.4301502903777336,0.5063139240764527,0.1253561972313048,0.7894323898880076,0.8790604655220893,0.8790604655220893,0.1507245254830142,0.0110709162430622,0.5939677021920071,2.2047759769221718,1.116072846685064,1.0078288442212286,1.0074663225625575,0.4773439403511463,0.6732223400610748,0.5726209484164929,0.6936460018953766,0.5016558196724454,0.5016558196724454,0.4968326951106765,1.1146111116688728,0.3638836026632306,1.192544289251367,1.6386020610874863
20.0,0.9,54000043,0.488489328834825,0.087893875434025,0.9312813469022496,4.295148053942506,33.0,2.0125034683935485,0.5660600195625481,2.050258169072476,0.6079528725186366,1.3807377865765953,1.0078487430998688,1.0023549235904488,0.4801988851517029,0.5046408536041475,0.1506945827758773,0.8267601828383916,1.0307345120642175,1.0307345120642175,0.1618893051484226,0.0108527579335061,0.730472505966879,2.015688881972954,1.116496987408302,1.007727606985971,1.007543846940958,0.4728076156688766,0.6751833570953372,0.5665820625337001,0.6934162028382207,0.4744447133374833,0.4744447133374833,0.5191622544414934,1.0360744385173566,0.3601867748830036,1.210014301689878,1.671230028439874
20.0,0.9,54000044,0.4749464762967306,0.0815406716540349,0.9332118877843129,4.390899740412402,39.0,2.0453241396251265,0.5948003955655026,2.0385850369260408,0.6097764538773528,1.2739011799449873,1.0058791878580804,1.0020356078377133,0.3674701161025031,0.4931552045774751,0.1379956581298284,0.7670634517734659,1.0790791240729418,1.0790791240729418,0.1451421356503099,0.0080852229381881,0.5271757732657434,2.4554062022108147,1.117366993363166,1.0080583633219826,1.0075180091424416,0.4741025175859902,0.6748275365136969,0.5809484064736565,0.693349579473915,0.6474641975198207,0.6474641975198207,0.4912503052779722,0.8811921025326072,0.3691956799114811,1.1951974087631614,1.5942122323645471
20.0,0.9,54000045,0.4656544439009284,0.0809168273931172,0.94408390554346,4.696136623971675,38.0,2.151081223275817,0.5903010383520348,2.0307520570389443,0.5868178288183888,1.345807410924822,1.006873085828918,1.002008972620108,0.3918484714255209,0.4906551933771447,0.1200500077515821,0.7851105272048847,0.9126952020579564,0.9126952020579564,0.1730540848138311,0.0082818109475883,0.5788965860211128,2.107792921299553,1.1136582460808715,1.007904846103712,1.0072853040806675,0.4742151778076758,0.6683823554999974,0.5785710465268226,0.6833076165445197,0.430920210651013,0.430920210651013,0.4968326951106765,1.0366691615253811,0.3645654869484958,1.1990919262388358,1.691893225168791
20.0,0.0,54000046,0.0139748001470771,0.0001048001128631,0.8927772401377746,3.822454889730452,26.0,1.8119189930475603,0.8405758644730954,2.254399062277605,0.6959832636829061,1.3129513914052853,1.0064613663884756,1.0024878049809298,0.3902030305473201,0.5113113066775796,0.1214413481954588,0.7786875301112336,0.8974743661553687,0.8974743661553687,0.1563069153157184,0.0096366625696196,0.5405077880824031,2.2905109782665334,1.0980337384164969,1.0051660832189355,1.0070782054768732,0.3420778033282778,0.6622695234492165,0.6291021946943386,0.6834388550195108,0.5765678478204173,0.5765678478204173,0.4298440171182257,0.2621133803109652,0.2911259965084763,1.4156405193797583,0.9863565172035396
20.0,0.0,54000047,0.0161499297435253,0.0001031165177042,0.8815346925216958,3.731435099745144,31.0,1.7638883017308622,0.8408888012290827,2.262663929274731,0.6860984372902524,1.3830364425270578,1.0076412277374796,1.0021953364684106,0.4567138529945863,0.4997240578883711,0.1055731364652134,0.7910236496552396,0.7715718883495989,0.7715718883495989,0.1395597458176057,0.0114392552731982,0.6420195429236814,2.186421202000304,1.109005290451876,1.0054146676428672,1.0073629054361042,0.3350593553001411,0.6700305578048646,0.6263168676139392,0.6928707951815445,0.5780974174526163,0.5780974174526163,0.4465911866163384,0.2346532614936697,0.2963735469009927,1.4413007330621483,0.9885402524997582
20.0,0.0,54000048,0.0237916413302663,0.0002488400965448,0.8899372058160623,3.808353147010004,28.0,1.8023611337910568,0.833270434317703,2.2251725151519395,0.6972204349189957,1.5100776111382492,1.0103928120326022,1.0024612365391496,0.645165998286865,0.5108450004382279,0.0990522792259707,0.8991685777552322,0.8964992320053398,0.8964992320053398,0.1563069153157184,0.0210658591504415,1.0675664259751574,1.564834420947018,1.1089063878435226,1.005117290278415,1.0072076696782342,0.33866266357371,0.6660441133360807,0.6346487949822526,0.6869390385460485,0.7238801750967268,0.7238801750967268,0.4745031357798596,0.2489830267034529,0.2879619214958365,1.4879878116853562,0.9998567475429954
20.0,0.0,54000049,0.0219230980507805,0.0002156950248198,0.8937408267146887,3.8396762219936496,31.0,1.8182127293017396,0.8525091862970635,2.2834757636168463,0.6874561782141141,1.493862292875732,1.0089787932633296,1.0021687248651634,0.5922969431042646,0.4978933010022472,0.0916615204020787,0.8826813220449404,0.8364289669435513,0.8364289669435513,0.1172301864867888,0.0150806764911634,0.9617432139580728,1.6916361295801527,1.1060660143100076,1.005158229769966,1.0070782054768732,0.3338336533623566,0.662229009820707,0.6289674924541576,0.7006102676559196,0.5292116823946788,0.5292116823946788,0.4577559662817469,0.2340939709680383,0.2900093345777222,1.4671062567183182,0.9927537025017712
20.0,0.0,54000050,0.0247294143591208,0.0003978813419082,0.9009224973780527,3.838234623626499,30.0,1.822345309152794,0.8555092998865607,2.261208384012672,0.6907112701029458,1.4302645470867024,1.0080049804022726,1.002008972620108,0.5430592842037866,0.4922876181113712,0.106587248497417,0.8556913768627893,0.9012004322796768,0.9012004322796768,0.1507245254830142,0.0129619176578641,0.8285967511310848,1.8328546136167647,1.0999213569796218,1.0046758310161077,1.0068190007627664,0.3322810173022022,0.6553736051035015,0.6233917758697433,0.6953891848708607,0.6352478135008369,0.6352478135008369,0.4577559662817469,0.2563414353485594,0.2745916933793272,1.53325776051179,1.005304743007927
20.0,0.0,54000051,0.012751147533043,6.802043341746383e-05,0.8890160421131479,3.8251566696508505,30.0,1.8118567706957784,0.8521358273860302,2.2790484140233724,0.6974683479130264,1.4204658801414902,1.0075445482995176,1.0023549235904488,0.5850042183082449,0.5059896481487037,0.1151215941583911,0.8829520499485339,0.8364138023692385,0.8364138023692385,0.1451421356503099,0.0132841730176496,1.0310972741872058,1.629835538315504,1.1056518259575348,1.005393901121319,1.0071817841944062,0.3412847546501851,0.665588767361877,0.6178467317079199,0.7042300080664834,0.4566146462477899,0.4566146462477899,0.4689207459471553,0.2439006973344707,0.2966631993733343,1.405350560724508,0.9966753911018492
20.0,0.0,54000052,0.036796581615161,0.0006590278564325,0.8984666477493668,3.818051895851012,32.0,1.8129540502222337,0.8366596252272703,2.239101085672498,0.6928757353803457,1.3082160168588233,1.0057857073084744,1.0024080879039163,0.4803582535152252,0.5081743994518755,0.1535526752866652,0.8285052302317064,1.0485848208562416,1.0485848208562416,0.1563069153157184,0.0101028711054969,0.8172281729835715,1.991608289089899,1.104471180811083,1.004994136034195,1.0070782054768732,0.3328485108298474,0.6626481986833298,0.6366163555444114,0.703148721184056,0.4333302093492199,0.4333302093492199,0.413096847620113,0.2387799562081924,0.2850489690810276,1.4874038982917888,0.9979207349763056
20.0,0.0,54000053,0.0179912600177597,0.0001550547919694,0.8907617436347307,3.8120223463687153,34.0,1.805871668904868,0.8336831881696848,2.222830172917885,0.6700958882493258,1.27780543299081,1.0055749511155267,1.0028593526885123,0.3605570993102698,0.5262008645310629,0.1603880110440588,0.7710733522697265,0.6438075469782655,0.6438075469782655,0.1507245254830142,0.0074273264203166,0.5348400259730506,2.386071915113131,1.113411824612507,1.0053177022963344,1.007337041987406,0.3409973430851842,0.6693881338546833,0.6271460524135165,0.6905226578855482,0.458572300318516,0.458572300318516,0.5024150849433807,0.2441790856926824,0.2947970979942779,1.483070397074188,0.9954107049878932
20.0,0.0,54000054,0.03708103913262,0.0003902761930741,0.8815806018945427,3.7509920192607775,31.0,1.768136715873877,0.829616899991617,2.22677860748991,0.6808827377438077,1.1998998791669984,1.0047845235748254,1.0028858625464103,0.2860845163903624,0.5264723447060254,0.1506481779112153,0.7256997641071127,0.99922142491252,0.99922142491252,0.195383644144648,0.006782045417646,0.4008402589051504,2.756929401762637,1.1077568701277187,1.0055825563382392,1.0071558950336243,0.343127861097939,0.6645212877797011,0.6466159151162991,0.6897263629491135,0.6146640524834721,0.6146640524834721,0.4577559662817469,0.2337670694241125,0.3020061244813165,1.397700937230706,0.9975682615904782
10.0,0.15,53000001,0.0188233840421147,0.000267722497286,0.9030146336418636,3.879548584884703,30.0,1.837608099351539,0.8604167743937122,2.2816476524791574,0.69276764152674,1.247609117954402,1.004456715785657,1.0035737559385616,0.3397161087223742,0.5524809989412359,0.1611643854983825,0.7480141407257169,1.2016409246733315,1.2016409246733315,0.1842188644792396,0.0068590140030972,0.5133018447222754,2.586076795421326,1.1028669048542747,1.0048939791836795,1.0070523015955892,0.3375268103778486,0.6618285993974967,0.6319757520432018,0.6905369356562064,0.5960626640983658,0.5960626640983658,0.4577559662817469,0.2558354502600478,0.2817392751156829,1.4915730762891906,0.9960578844493156
10.0,0.15,53000002,0.0297313408859331,0.000552306129922,0.8942289617143931,3.806445876861525,34.0,1.803460276210456,0.8463301794180922,2.2514411924043958,0.6883894991741102,1.4361085040496888,1.0080616448978432,1.0023549235904488,0.6185087719868464,0.5065976448410727,0.1105992940430995,0.9158669268146348,1.0749681825307051,1.0749681825307051,0.1842188644792396,0.0141663781595485,1.1776086812471456,1.4509150009368206,1.105624565293834,1.0051932070304068,1.0071300021946208,0.3346449213463344,0.664018170709916,0.6389502467050987,0.6931759015653967,0.7272947332997592,0.7272947332997592,0.4298440171182257,0.2397377178677569,0.2906975414276168,1.4747717448440525,0.9964593774609184
10.0,0.15,53000003,0.0533280981849475,0.0010625148759523,0.8791489983915777,3.7516156348888,31.0,1.7762052069531395,0.827695151755687,2.2124710349255983,0.6918312914646625,1.5327366969456553,1.009567046875108,1.002275147699018,0.6046488516587971,0.5030869679020342,0.0955540172458008,0.8788470528823521,0.8371157924867674,0.8371157924867674,0.1339773559849015,0.0185960967435744,0.9341795888013558,1.7052698471094958,1.1057036695892484,1.005561177467874,1.0070782054768732,0.3406250968014216,0.6625205362296619,0.6482498903222654,0.6943193698798215,0.5788355323500932,0.5788355323500932,0.5135798646087892,0.2341067673106439,0.301725409252379,1.4187332398816812,1.0237545814930022
10.0,0.15,53000004,0.0535773538415869,0.0011221319691839,0.897683174356116,3.9072599102810575,31.0,1.8516507500222603,0.8273528452890511,2.2041493892188724,0.6877375654958883,1.207705333859206,1.003637800330155,1.001902392328886,0.2976538324828664,0.4878325861316393,0.1591498828757669,0.7366696057115021,1.1140829386198574,1.1140829386198574,0.1395597458176057,0.0059555145537587,0.4604390556997669,2.7390311934415266,1.0996749070854923,1.0053621832703703,1.007104105676127,0.3419970115504974,0.6633620907508943,0.6166111326795466,0.6835999821395551,0.5886813124770192,0.5886813124770192,0.4577559662817469,0.2476659863523692,0.2972041388874438,1.3804833418488742,0.9974426922858156
10.0,0.15,53000005,0.0238411564581153,0.0001811836461583,0.8958823099186074,3.842954463965579,30.0,1.8194266085847453,0.8495021366851603,2.2851963236740773,0.6882346902758423,1.3956144384653348,1.006349647826832,1.002008972620108,0.5769834135088432,0.4913179353920915,0.1062498547011057,0.8937984065866652,0.8657273486343325,0.8657273486343325,0.1283949661521973,0.0124292273057275,1.0800070005887976,1.5968282397549465,1.1004425421952733,1.0051776418314389,1.0069745678468454,0.342818790050829,0.6596300468609967,0.62467272472491,0.7023956615919059,0.7282279971111868,0.7282279971111868,0.4521735764490426,0.2680623286546925,0.2910285433402836,1.4360037782039423,0.991295308764894
10.0,0.15,53000006,0.0233933339713515,0.0003643748088107,0.8855391438972342,3.7627344652858032,34.0,1.7863573445751333,0.8337430436419934,2.22738451219853,0.6896487907757676,1.42248669242612,1.0071275471541503,1.0024080879039163,0.5928596849447192,0.5082258949609515,0.0936148265154482,0.8910655136987576,0.827967177975529,0.827967177975529,0.1451421356503099,0.0143724484402027,1.0475915128462074,1.5998431634664596,1.1143107199206217,1.005484370723266,1.0074921676833946,0.3447647152109925,0.6738877978169194,0.6472791943088413,0.6939432814077356,0.7534558680269678,0.7534558680269678,0.4410087967836342,0.2376415872211207,0.300248676880515,1.4690835903244357,0.9881671977225848
10.0,0.15,53000007,0.0514208422367016,0.000782446592367,0.8796824998431323,3.709843874040752,27.0,1.762179491900748,0.8231944531593148,2.2348707465610493,0.6885623257843969,1.3283010461418172,1.0076666500962983,1.002008972620108,0.4187551859087198,0.491895401608374,0.12712124030962,0.7754322101171591,1.0630558981093476,1.0630558981093476,0.1618893051484226,0.0117336285288453,0.5417438475103823,2.222061455198419,1.1148779626762586,1.005452148521314,1.007621338385905,0.3469754874570592,0.6772285327772426,0.6402842383481027,0.6926856655733205,0.5158516638014962,0.5158516638014962,0.4689207459471553,0.2589347902511688,0.2989461245518771,1.4535316528057116,0.9928993297108736
10.0,0.15,53000008,0.0629978240227261,0.0012206333401801,0.8744662947611183,3.6884146875821577,26.0,1.7431436833279488,0.8268353746584806,2.242849494180968,0.6711281359075211,1.4173505892531535,1.0075919624331933,1.0019556903614857,0.5410066569048658,0.4899328928402393,0.117163864551892,0.879425320104443,0.9919393118215672,0.9919393118215672,0.1507245254830142,0.0111252091623457,0.9611645199101276,1.708583177370439,1.1153133889093696,1.0062424095898914,1.0072335514863762,0.3423294880607941,0.665959954984783,0.660879275360007,0.7068143065625793,0.5996399203696505,0.5996399203696505,0.485667915445268,0.208068753236699,0.3206852662976351,1.37714117335898,1.0095414224765848
10.0,0.15,53000009,0.0385550528560874,0.0007533515283671,0.8820982777689998,3.76148767012532,23.0,1.7857456285754556,0.834033812608627,2.247711240117525,0.6903770909854511,1.5214625928383745,1.010545122988671,1.0020622391160647,0.6574980678075936,0.4944390265897208,0.0937448440134259,0.9029562225353048,0.7624582866622893,0.7624582866622893,0.1507245254830142,0.0214081821832833,1.0471175677516038,1.579933592596794,1.1063688461002157,1.005625757128781,1.0072076696782342,0.3518931672773294,0.6659394904293741,0.6297030765297751,0.6998857853610105,0.5584672979580754,0.5584672979580754,0.4633383561144511,0.2637033883242035,0.3041550173527295,1.402726658519648,1.0018608616596216
10.0,0.3,53000010,0.0792377852137103,0.0018582681740037,0.8771458205448426,3.711509180474698,32.0,1.7621013798004388,0.8211904409118811,2.2306840887202264,0.6827306296622108,1.3458877357990362,1.0070869998132126,1.002620588487418,0.5458398860700271,0.5169692101504493,0.1268129830221605,0.8483578688053024,0.9912946451018472,0.9912946451018472,0.1563069153157184,0.0139575911897108,0.8723961913492795,1.8825426173625952,1.1158161469029275,1.0058744860878026,1.007621338385905,0.3422700368832706,0.6775783343313255,0.655428580956299,0.699731388786798,0.6576249268135045,0.6576249268135045,0.485667915445268,0.2272525889101642,0.3099485510770386,1.4140766293521554,1.030959405632609
10.0,0.3,53000011,0.0672919025514482,0.0016620129501358,0.8812597443093233,3.8349088606449855,27.0,1.8109352766034952,0.8316651075771749,2.223705968178976,0.6833481450228355,1.3400026012789448,1.0063850165985313,1.0026736745216267,0.4166995699831713,0.5191156476947794,0.1254524339642113,0.7926359972773476,1.0279712140817572,1.0279712140817572,0.1563069153157184,0.0092175953601982,0.6021420049610559,2.1136408480503084,1.105265459684544,1.005754505260965,1.0070263940310042,0.3533962358234437,0.6609656262318819,0.6265683741346525,0.7044634458888573,0.5920630500584972,0.5920630500584972,0.4410087967836342,0.2627205216594537,0.3075924690612261,1.373137573503358,1.0227083427343198
10.0,0.3,53000012,0.0823964744300566,0.0023887497724701,0.8952400067607538,3.785037963376507,33.0,1.7950624613655972,0.8309864362376405,2.249067230855003,0.6931645890832224,1.3293811141447622,1.007068905694415,1.00230174358753,0.4786594639881638,0.5043183648999171,0.1293499418248745,0.8073695784126019,0.9384623533380212,0.9384623533380212,0.1563069153157184,0.0117324379858393,0.6996683160171783,2.1517917920076486,1.1025195074981793,1.0053431666688135,1.0069745678468454,0.3463289248812512,0.6596013714769433,0.6295196049165902,0.68698398587734,0.4236363305713135,0.4236363305713135,0.4689207459471553,0.2646355197853047,0.2951185032993501,1.418105912700196,1.0152768836999966
10.0,0.3,53000013,0.0803674537767653,0.0022049643723788,0.9030563916896456,3.946780128794848,32.0,1.86472457701603,0.8446492095901657,2.249761717873963,0.6994496167159324,1.4430292762242616,1.0079733171626304,1.0022485478839311,0.5489385517051543,0.5014893598358973,0.1084096851354903,0.8723138250286204,0.8980786900602266,0.8980786900602266,0.1507245254830142,0.0123914954510509,0.9125621393228232,1.7808010060459671,1.1077625661891504,1.0050081162038556,1.0072335514863762,0.3456531808893641,0.6651779762259882,0.6176696527363824,0.6922316049348402,0.7144398085872308,0.7144398085872308,0.4410087967836342,0.2764972441410463,0.2862330477712514,1.510816223873556,1.0145170318687065
10.0,0.3,53000014,0.031087884447687,0.000367745037835,0.8791656701984965,3.692710835480631,31.0,1.7505840972922435,0.838889293252784,2.263135010799742,0.6851507624313311,1.2037901043616452,1.004330241276505,1.0023283355508723,0.2582559226508781,0.5046979877254382,0.1525451225085957,0.6986727875705885,0.8309633259716017,0.8309633259716017,0.1786364746465353,0.006838434496356,0.3603332071843058,2.6246302852915826,1.1116823818772958,1.005658442803768,1.0072594296200987,0.3345291356392187,0.6676601321865847,0.661149709494581,0.7109278945084586,0.5369702837441545,0.5369702837441545,0.4689207459471553,0.2094112754058596,0.3036789603739192,1.4416989888012386,0.9921043980173077
10.0,0.3,53000015,0.0757484975839972,0.0024901319429623,0.8991353554122106,3.927642501383509,32.0,1.855079479647292,0.835601397789297,2.236163299901116,0.6792274038507268,1.4323889659035336,1.007609404454786,1.0028858625464103,0.497029498579517,0.525392923635626,0.1049056336440795,0.8411346166679461,0.9334111677690228,0.9334111677690228,0.1842188644792396,0.0112233920235509,0.7841125541718712,1.9505689133609256,1.1064684164547445,1.005171839021379,1.007337041987406,0.3456591320087148,0.6696384012569928,0.6255813152314214,0.6953111684879096,0.532940401884551,0.532940401884551,0.4521735764490426,0.2772768276323521,0.290391853821947,1.4677920434271765,1.0074125632902764
10.0,0.3,53000016,0.1005049245236449,0.003719171942876,0.8984848484848484,3.8941495224099927,30.0,1.8441999923430776,0.8163964823055733,2.188621096135547,0.6755065274641946,1.28136737385382,1.0062507141228378,1.002514369507352,0.3708033951443786,0.5123397145474672,0.1251507612380857,0.7460561381366656,0.9044838004305767,0.9044838004305767,0.1283949661521973,0.0099212224323264,0.4784565289779017,2.5083986114119696,1.104693940632362,1.005346179387134,1.0070782054768732,0.3547436615292845,0.6625330456781157,0.6104917140011782,0.6966476688448126,0.6838140347847148,0.6838140347847148,0.485667915445268,0.2857619466112567,0.2968177368782952,1.4348563535100356,1.0308561125715563
10.0,0.3,53000017,0.0700342787980669,0.0023419348914419,0.8807481732830943,3.760087095627444,34.0,1.78039392786273,0.8347783999833461,2.276160068114091,0.7085224103232589,1.2839931902187631,1.005530137786228,1.002275147699018,0.404193644332099,0.5026102838771609,0.1483144923790194,0.7787116089465493,1.1548779529830409,1.1548779529830409,0.1507245254830142,0.0090862277936087,0.5817893057254258,2.305481667896687,1.1067686433915038,1.005897991513807,1.0071817841944062,0.3467715127844369,0.6655021475450057,0.6434573619079891,0.6873127809876483,0.6553641305953468,0.6553641305953468,0.4800855256125638,0.2359566755208465,0.3119213380921711,1.3722195945756297,1.0290405308004986
10.0,0.3,53000018,0.0889242620094916,0.0030373314916772,0.9072037795802324,3.89106070115664,33.0,1.847401581687383,0.8252728070908939,2.2041679461768235,0.6904720567068616,1.3055109551987698,1.006467141993057,1.0027002116796568,0.4445088521025584,0.5198432285657711,0.1336937533115934,0.7835416790871257,1.0166717761760546,1.0166717761760546,0.1507245254830142,0.0115318244247886,0.6244593179499893,2.246878628086346,1.1025450772827317,1.0050406377615404,1.0070263940310042,0.3423349798826986,0.6612127496310318,0.6131756079827769,0.6965111763330897,0.651255793055613,0.651255793055613,0.4633383561144511,0.2702195009487981,0.2879081676782853,1.4658420814054889,1.0082780691347295
10.0,0.5,53000019,0.1156997012776519,0.00494411154003,0.8849910679773931,3.8104534005037785,29.0,1.8047005162580017,0.8053184710048786,2.1908882920521235,0.6695917783605841,1.451163120768709,1.0084449552673445,1.0026471334580116,0.5704624831680647,0.5176226968410282,0.1124401693494048,0.8702899440668168,0.876030368970074,0.876030368970074,0.2009660339773523,0.0138525567112613,0.954084732534934,1.711550292587696,1.1122401494668588,1.0062548552439274,1.0072335514863762,0.3682630664043138,0.6669486603948392,0.6316141790491798,0.7013399602208048,0.4686230775381612,0.4686230775381612,0.5024150849433807,0.2744341204034136,0.3218030495440295,1.3478156756082884,1.0349957952752151
10.0,0.5,53000020,0.1296290892620833,0.0063217711184312,0.8893069265075775,3.843602978120861,30.0,1.812352374841633,0.8234818541142652,2.247526608785947,0.6839230687980629,1.4378918726757122,1.007799666290159,1.00230174358753,0.6104928427521625,0.5037251501765845,0.0993870912696034,0.9078305395501456,0.6088041255849562,0.6088041255849562,0.1674716949811269,0.0146207884641851,1.0503474021573012,1.5960971870195657,1.1037523768581312,1.0059036489426547,1.0068968009140395,0.3712114855279406,0.6574687578643277,0.6304161195146563,0.6979996351686173,0.6123390237564462,0.6123390237564462,0.4633383561144511,0.3120925520843839,0.3120846069541365,1.3538159595981294,1.0716460984692235
10.0,0.5,53000021,0.1242781454599071,0.0058346622992676,0.9044874862171552,3.888903797128673,30.0,1.841789499020506,0.8037322903447272,2.1735987059568185,0.6683015167551624,1.2232781661904182,1.005131772261607,1.0021421093297145,0.2974173887407088,0.4976374119016455,0.154467355655333,0.7308444493876186,1.1359157581220092,1.1359157581220092,0.1730540848138311,0.007881823208807,0.3989583954945144,2.54126499783468,1.1124352564483242,1.0055935397034703,1.0073111748693486,0.3579765958882394,0.6688496487039934,0.6279143603317872,0.702290839205022,0.6478925375710511,0.6478925375710511,0.5191622544414934,0.2752153225162849,0.303119223203816,1.4424801010853872,1.073154365358744
10.0,0.5,53000022,0.1367253749148464,0.0077328128624897,0.9031590278640336,3.9247930910399424,38.0,1.861048339724474,0.8153749016685298,2.209274606313014,0.6742432637949576,1.437813893759821,1.0083118170718774,1.0023815077076623,0.5225851721632658,0.5074308614467912,0.1055826220231186,0.8361827041107804,0.9866291886366731,0.9866291886366731,0.1395597458176057,0.012941970070692,0.7701640538018503,1.954364271036135,1.1153320929177213,1.0059659633363605,1.0074146213304744,0.3565032386260366,0.6719550572974704,0.6522790083942801,0.6902310232520219,0.7089361010292271,0.7089361010292271,0.4521735764490426,0.2578104670667345,0.3126703472101659,1.4242946049493668,1.119797028869473
10.0,0.5,53000023,0.141266431556285,0.0070972001986537,0.9016776775959074,3.905010392252244,29.0,1.8579005298173283,0.8015684192253888,2.189404398332148,0.6747015546508923,1.2733364229022028,1.0054127742983257,1.002514369507352,0.3530095978598052,0.5128409848577776,0.1582074582286922,0.7474385483908187,1.0695817115607194,1.0695817115607194,0.122812576319493,0.00827486646844,0.4957684445377075,2.5986683594488347,1.1172890672094913,1.006154401742266,1.0074404737786713,0.3688464518172793,0.6727082967581456,0.6190634287019241,0.6996736968768593,0.6831808400603127,0.6831808400603127,0.4745031357798596,0.2950119263751763,0.3198317900832744,1.375613966850548,1.0621762179671093
10.0,0.5,53000024,0.1501042705835793,0.0080413375781025,0.9019086861306292,3.9299023154848047,33.0,1.858270886990848,0.8020477638584729,2.1819349738116416,0.6749451408977144,1.3804550973939431,1.006508900027975,1.0020622391160647,0.5687708584037192,0.494243269449514,0.1224045938494689,0.8935321005495946,0.9042278907256444,0.9042278907256444,0.1507245254830142,0.0120308093485693,1.073873175814094,1.5952125157119037,1.1151183602657575,1.006029781013242,1.0074404737786713,0.3668156846537628,0.6724999334701414,0.6188946854338885,0.6982331918752986,0.6889108632868866,0.6889108632868866,0.4689207459471553,0.2940849936646302,0.3163024547147248,1.349579228315916,1.069011246355761
10.0,0.5,53000025,0.1226851048994525,0.005056855967663,0.8856783271609395,3.851036153225083,36.0,1.825690648697308,0.8224516954310531,2.2285083367108776,0.6789509680122494,1.542124187739602,1.0104365543002274,1.0022219441408642,0.6221160901351099,0.4992688136293352,0.0896436971272744,0.888884157399815,0.8609435663478855,0.8609435663478855,0.1451421356503099,0.0179099753868037,0.9771795123784548,1.647335874122855,1.107168076818426,1.0060598856494776,1.0072853040806675,0.3661171170552115,0.6680410918762958,0.6335357617397068,0.6915311530200896,0.6463108311409673,0.6463108311409673,0.4912503052779722,0.2887041451005631,0.3167715897934972,1.3404755527125054,1.045117308410207
10.0,0.5,53000026,0.1251694692366272,0.0050341985316718,0.8780225856532188,3.7996870829690303,32.0,1.792111104391772,0.7854841453818506,2.1528474003264164,0.6773724455875315,1.401905839016964,1.0092393056318725,1.0025674868197152,0.5214877236554614,0.5126668546765887,0.1003318168167765,0.8371410847903875,0.8637568370225297,0.8637568370225297,0.1339773559849015,0.0150750559068585,0.7458445335405665,1.9605857734629075,1.1119969187030485,1.006086327031641,1.0072076696782342,0.3613097861572859,0.6661061714483466,0.6231203045379258,0.6957277447361805,0.7233431116947902,0.7233431116947902,0.5024150849433807,0.2663371688427712,0.3167536559929681,1.3816985293442956,1.032673932893016
10.0,0.5,53000027,0.1021313274444123,0.0044590890256427,0.8930712962672276,3.872623315333303,36.0,1.8326103713180728,0.819430927489823,2.218903639892886,0.6869497831899316,1.1829471145469543,1.0039187266200094,1.0024878049809298,0.2491569096990021,0.5105083574336067,0.1709639551027728,0.6878836715258492,1.1990942799935038,1.1990942799935038,0.1618893051484226,0.0070367139937256,0.3301967084173207,2.76417079975196,1.1090653759188926,1.0058702862562423,1.0072594296200987,0.3607113670896153,0.6670674378056191,0.6304071041286818,0.7058799717792933,0.6253841515765242,0.6253841515765242,0.4633383561144511,0.2875525093651783,0.3103183198397741,1.3932101591187367,1.0321226141913618
10.0,0.7,53000028,0.2493819036742589,0.0231888908487345,0.9059655590187532,4.000274335878561,34.0,1.8943043746662351,0.7346563668181959,2.107113157113157,0.6502891477373273,1.4429898163942512,1.0094097309002934,1.0027267449334951,0.5964017888192709,0.5192784756406188,0.114266126927458,0.8765848249044419,0.3927721618735246,0.3927721618735246,0.1730540848138311,0.0175453189853911,0.9295698914386794,1.7410571375299575,1.1180159289769425,1.0070214398091892,1.007543846940958,0.4154686935203161,0.675187849809517,0.6158555062582988,0.7073628353898942,0.4471743157719335,0.4471743157719335,0.5079974747760849,0.4334834523715381,0.3435534497629354,1.2986423246526102,1.1995639173851906
10.0,0.7,53000029,0.2828683642748785,0.028413377474412,0.9206347530460122,4.098181134558444,40.0,1.93402627538638,0.6909274236121375,2.0664224702780367,0.6354861739574766,1.3352351802653069,1.0062162565665518,1.002594039608451,0.3996286017642282,0.51590295881113,0.1283314389130352,0.7762363841512476,1.0015458039684395,1.0015458039684395,0.122812576319493,0.0087881641744811,0.6009771984169483,2.262060068743532,1.117786659104922,1.0073691719425153,1.0074404737786713,0.4170741563477062,0.6726824981614569,0.6311639244146885,0.6969528476857899,0.5201078989875813,0.5201078989875813,0.485667915445268,0.4526563262289878,0.3512056808944145,1.2593158136141152,1.2707078774777156
10.0,0.7,53000030,0.2812911335306475,0.0280305136857854,0.9123613627556738,4.005839885961282,31.0,1.8945750846773235,0.7121843678979504,2.094125798752791,0.6453098176457746,1.4993330863675516,1.0090598890129556,1.0022219441408642,0.6124681223190334,0.4992933691596475,0.0886844600302043,0.8957394433539684,0.8430738814249099,0.8430738814249099,0.1395597458176057,0.0166473550633976,1.019804720492392,1.616917193550212,1.116602467169622,1.0073464997837642,1.0074663225625575,0.418650144592568,0.6729346574066808,0.6288656523858527,0.6893125600771407,0.4289287077634739,0.4289287077634739,0.4912503052779722,0.4616537498999093,0.3504695031728029,1.2582471013374226,1.2694270129715417
10.0,0.7,53000031,0.2213219288996808,0.0195974755035889,0.9085858219398174,3.993530456968427,29.0,1.8904245892304052,0.7658671338094596,2.137797838635476,0.6606068429078711,1.4447096017662229,1.008128960414688,1.0021953364684106,0.563456055200879,0.4992541545211791,0.1297478311982038,0.8790093094610126,0.8448762159269984,0.8448762159269984,0.1618893051484226,0.0121812381666628,0.9600448931391354,1.6930046889880477,1.1128739417425075,1.0068100359046046,1.0071817841944062,0.4043067485153333,0.6650157321023199,0.6161788107051334,0.6941074249509184,0.388439036076874,0.388439036076874,0.5191622544414934,0.3963495047662028,0.3368212475256628,1.305803469137872,1.1807574830196408
10.0,0.7,53000032,0.2706617671021973,0.0251919247756237,0.912156166814552,4.086232697343808,41.0,1.9260831303754924,0.7645127616263897,2.1583631728629737,0.6722460775326218,1.5360834871971236,1.010419693736952,1.0023549235904488,0.6723367577063337,0.5054882948395808,0.1003915134842599,0.9018049014801606,0.9509618940285124,0.9509618940285124,0.1618893051484226,0.0209808169239643,1.092348250332161,1.5326315780406652,1.110634497247089,1.0069966668939767,1.007337041987406,0.4157753245575528,0.6695554654051152,0.6201587080721195,0.6952242895824103,0.5537888876681879,0.5537888876681879,0.485667915445268,0.4688275036674032,0.3417371311860037,1.2782847710615513,1.228477008744315
10.0,0.7,53000033,0.2859951294452415,0.0274955353682548,0.913591368455931,3.9887432188065097,34.0,1.8899571245450608,0.720070203777336,2.1005391690453536,0.6343945669549393,1.30987994069428,1.0062524501469208,1.0023283355508723,0.4236174524139656,0.5047871457006892,0.1313672631153107,0.7809846214617607,0.9817769305983796,0.9817769305983796,0.1618893051484226,0.0100728218496774,0.5916180436703171,2.252124452682481,1.112909446381429,1.0071527610416964,1.0073629054361042,0.4209770691792299,0.6704452426396524,0.6175032427175583,0.6967521014607664,0.6339608823359569,0.6339608823359569,0.5024150849433807,0.4823151637143462,0.3469885001161596,1.2524854335463844,1.2615138475913774
10.0,0.7,53000034,0.2393746805644732,0.0205126198123883,0.9064642925808036,3.948127471505001,29.0,1.8777501582762373,0.7488143812351797,2.129409977978586,0.6769939521942638,1.257221158961834,1.0058069684058852,1.0023549235904488,0.3683793961139158,0.5060185679553174,0.1466934426896002,0.7479804276563321,1.1697990645431564,1.1697990645431564,0.1451421356503099,0.0098147495042531,0.4764060814478343,2.454905618770088,1.1148106521330008,1.006661907871946,1.0072335514863762,0.4092677452445994,0.6668759379787885,0.6104266863959277,0.7031924754965931,0.5427372760846424,0.5427372760846424,0.5024150849433807,0.411508265805578,0.3345407784275689,1.3259125600508928,1.1754106165502396
10.0,0.7,53000035,0.2715042642012772,0.0272298632619806,0.9119909190244316,4.04741054613936,28.0,1.915071127203704,0.7379194381676798,2.113983102358376,0.6444379474975251,1.3500384762881232,1.0066069286146837,1.0023815077076623,0.5647989334592485,0.5073837146272931,0.118617330620672,0.872648161262758,0.9164341920688498,0.9164341920688498,0.1674716949811269,0.0131956370055148,0.974156760398219,1.7384677147719734,1.109757192598409,1.006873464970331,1.0072076696782342,0.421158002625758,0.6657608650479598,0.6034566158224031,0.6863218307765407,0.7782208592008917,0.7782208592008917,0.4800855256125638,0.5186840362606285,0.3400842967549258,1.2673082366391368,1.2241677140478275
10.0,0.7,53000036,0.2407464291267204,0.020399633590813,0.9047844225171549,4.011647952289987,31.0,1.8955464094058043,0.7700209114887089,2.1660188291630336,0.6656666235635356,1.5552107618936062,1.01134987608169,1.00230174358753,0.7124134857927145,0.5038449692811326,0.0762185175460933,0.9070642297789973,0.8043001810491078,0.8043001810491078,0.1563069153157184,0.0270623143349607,1.1046286168144002,1.5113774834717202,1.106795478286267,1.0065160306618903,1.0070523015955892,0.4064749792143881,0.6618033339848368,0.6056736538788514,0.6992555256643196,0.5810965072276311,0.5810965072276311,0.485667915445268,0.4399143284773948,0.3298911525296714,1.2911191021695092,1.1766118357489106
10.0,0.9,53000037,0.4356655220848858,0.0668280094915431,0.9302257032171132,4.394032819492789,37.0,2.050352596260164,0.6010874599966313,2.0286901991437354,0.607897763915944,1.363039090786519,1.007288126898579,1.002275147699018,0.4879668711885023,0.502895188351776,0.1350509818677696,0.843416912412249,0.930761544099876,0.930761544099876,0.1563069153157184,0.0107751179197579,0.7866655241878474,1.9729611456100276,1.1159530846118264,1.008003757525141,1.0073629054361042,0.4693154263141496,0.6700275952145518,0.5862527001614128,0.6798796333651508,0.472863355188945,0.472863355188945,0.5191622544414934,0.8031596885649934,0.3679232592590893,1.1986162028673852,1.570826204056173
10.0,0.9,53000038,0.4727661175831597,0.0794132630528933,0.9277060325533012,4.264248454404946,38.0,1.9974200400491875,0.5910925005516618,2.033749706249209,0.6021762591250825,1.263900900676848,1.005955135051322,1.0022219441408642,0.3506430713299847,0.5009911018521007,0.1189726397445109,0.7508603543686555,1.1701327158198034,1.1701327158198034,0.1674716949811269,0.0090997951547741,0.4639363585602482,2.512134567515245,1.1186446247492496,1.008485993217915,1.007595511561432,0.475084657008104,0.676874547579071,0.5970146322882212,0.6744224630173847,0.4479897572934267,0.4479897572934267,0.5079974747760849,0.9062859185684772,0.3774948200686464,1.1796016403943934,1.6260209021361534
10.0,0.9,53000039,0.461534652174646,0.0797090564541446,0.9218911542119846,4.227822293869423,38.0,1.990565635870796,0.6187605971630619,2.0627272570611246,0.6161805769012574,1.4619169739571525,1.0078933889818298,1.0033623753764205,0.5885995525654871,0.5448690037888422,0.1436665325139766,0.8692056950991369,0.8983874271953695,0.8983874271953695,0.1674716949811269,0.0156231011129125,0.9734507957511156,1.713781844926016,1.1195562967603234,1.0081825208633126,1.0074146213304744,0.4764357522968257,0.6717741247983745,0.5877007462377032,0.6874183647311396,0.778329035402459,0.778329035402459,0.485667915445268,1.032331788866226,0.3722011787049364,1.1952673317525897,1.5622078493564762
10.0,0.9,53000040,0.452859039911738,0.0753594060662132,0.93250362037484,4.404996777871412,43.0,2.0534234255678383,0.6007828404726425,2.033386016941628,0.6052428045731387,1.4206455845011163,1.007929120855278,1.0024612365391496,0.5722364542071199,0.5085196640335105,0.1245016433259983,0.8730073754673593,0.9918081853144768,0.9918081853144768,0.1507245254830142,0.01399615821809,0.9560500014289288,1.7272887012886555,1.1134973344456345,1.007850533403599,1.0072594296200987,0.4695575521076217,0.6673811012478387,0.573642757503659,0.690877574592601,0.3724581329432198,0.3724581329432198,0.4800855256125638,0.9151075790211444,0.3634024812653716,1.2046412940842852,1.7061170774765575
10.0,0.9,53000041,0.4526763892167774,0.0770729615699867,0.9355674140289686,4.354476523767862,37.0,2.0349224459445123,0.5900489771196441,2.062323204671959,0.5987678184848725,1.3020850241657798,1.0063796497807356,1.0021154898606548,0.3956197084210083,0.4956875337294537,0.1369186906485031,0.7807941884883507,1.081618469622331,1.081618469622331,0.1618893051484226,0.0092026623852582,0.563489056631534,2.322732342411102,1.1205555740378246,1.0077798867422991,1.0074921676833946,0.4727111267472439,0.6737853093989357,0.5790273522135979,0.6867021727891162,0.5211911293034408,0.5211911293034408,0.485667915445268,0.8751837413907961,0.3629587098502091,1.229970695376196,1.611446942253475
10.0,0.9,53000042,0.4539439120143855,0.0747441785343189,0.9309577767798398,4.498713096139288,38.0,2.0848913494772607,0.6095109291614884,2.029929393760217,0.5999963216718531,1.4189970510296923,1.0087212486254704,1.0021953364684106,0.5024123027415067,0.4996255294384477,0.1172246820784897,0.8337336165205345,0.7279101000464302,0.7279101000464302,0.1451421356503099,0.0132262785185479,0.722263669122094,1.9626766285292616,1.1160358580294436,1.0077418057278928,1.007337041987406,0.4723660981226502,0.6696596279153717,0.580268946349078,0.6944833296363347,0.4231407744374972,0.4231407744374972,0.5024150849433807,0.9140362228951888,0.3619055397114218,1.221209640077216,1.6083234700092206
10.0,0.9,53000043,0.4585197037133285,0.0757493969030748,0.9339996826907822,4.456247476786436,44.0,2.069234893808756,0.5941350679570575,2.035604276136981,0.5928031072348265,1.3561803817269529,1.0068089885436164,1.002088866456575,0.5027799358996491,0.4954533444727929,0.1095920905410829,0.8427476302260511,1.0034864997798254,1.0034864997798254,0.1339773559849015,0.0106276630657313,0.8267481083528359,1.941943190641377,1.1129627772718342,1.00783080726282,1.0073111748693486,0.4724485683601289,0.6684507818106162,0.5752066521872745,0.6891344904599463,0.5016265644679168,0.5016265644679168,0.4633383561144511,0.9547148574747546,0.3631446116405926,1.2053991677894094,1.5937626024695757
10.0,0.9,53000044,0.4738185080843893,0.0853077620938271,0.9339810480886508,4.352603964244073,33.0,2.036264792761078,0.5683175748225213,2.0438637599115226,0.6032854258576894,1.4925141151452923,1.0094409204745254,1.0026736745216267,0.5921159393863848,0.5190806615757807,0.1061276760319616,0.8763660132068901,0.9338986070093988,0.9338986070093988,0.1674716949811269,0.0160959264496929,0.9186657285304748,1.7246625109297042,1.1155778739999274,1.0080987099387568,1.007337041987406,0.4745859761068898,0.6698412963041662,0.5899918401908587,0.6887846051814156,0.4333560787601425,0.4333560787601425,0.5079974747760849,0.920874213671859,0.3696064113991978,1.1872756063460024,1.7015371977667877
10.0,0.9,53000045,0.4570961585487213,0.0760634312714481,0.9282430836707152,4.281573700335554,38.0,2.011794414642853,0.6049363191632928,2.0421041392319466,0.6060636535571831,1.3659573565868437,1.0071430869207658,1.002088866456575,0.5240668402336337,0.4954482551122305,0.1304568423307618,0.8549771829027358,1.0025329446411682,1.0025329446411682,0.1842188644792396,0.0114027405834298,0.87576252910466,1.8260548567173236,1.1128719081369298,1.0080765689265665,1.0072594296200987,0.4745450625281472,0.6674752469762893,0.5765697926941928,0.6776691693719518,0.5446752544732696,0.5446752544732696,0.4912503052779722,1.0049784776224986,0.3695409234055832,1.1823551143797064,1.5933225708602816
10.0,0.0,53000046,0.0273288466595465,0.0002772043571025,0.8843269058814867,3.7173874590961353,29.0,1.7595671044051515,0.8339119091951483,2.232870924582776,0.6951865249960495,1.2817034307347877,1.0058333894720943,1.002275147699018,0.3935757882308961,0.5031837311135224,0.1339231449376068,0.7730312441227395,1.0231243620853243,1.0231243620853243,0.122812576319493,0.0090892762313853,0.5687766542579743,2.4739396070343798,1.1074793774276146,1.005339348019523,1.0070263940310042,0.3483480851344831,0.6606557309504743,0.6484605990954015,0.6961376008367435,0.596908658827788,0.596908658827788,0.4800855256125638,0.2635713839119453,0.2949044774440266,1.434699684973451,1.0008323706204263
10.0,0.0,53000047,0.0330390613890716,0.0003943618411612,0.8872886597938144,3.785827395091053,27.0,1.795243140653911,0.8380515463917526,2.2365872448137347,0.6922609744171692,1.3488269734971927,1.0071698263422966,1.002088866456575,0.448058204400201,0.4950272837867029,0.1529799369728975,0.8012322944395467,0.9975476251215286,0.9975476251215286,0.1618893051484226,0.011118186553456,0.6454477703623914,2.0937308196788,1.1135853320007576,1.0053445554735176,1.0072853040806675,0.3406601417554192,0.6683062564955498,0.652757359553215,0.6891072164536718,0.6962384831892271,0.6962384831892271,0.4577559662817469,0.2404756414523923,0.2952661993420601,1.4774437733023482,1.0002362500266886
10.0,0.0,53000048,0.0265101887221275,0.0002508908670054,0.8755882911592765,3.789723681205755,25.0,1.787535221643769,0.8202361606483338,2.204557701579738,0.6782245312888311,1.392699964689678,1.0082060617172932,1.0021154898606548,0.5121743799552797,0.4966282764999165,0.1193409288973949,0.8466912703282299,0.7858511518792303,0.7858511518792303,0.1507245254830142,0.0128338704653008,0.7839826765534235,1.944330180114378,1.1046607893846274,1.005632095876264,1.0071817841944062,0.3477076094708972,0.6655741674211897,0.6328662728121843,0.7040480677003741,0.5435905986235091,0.5435905986235091,0.485667915445268,0.2526982389650095,0.3037617567313577,1.4013075810641302,0.9996789752240608
10.0,0.0,53000049,0.0029281936487034,5.816028717266583e-05,0.8884072673614314,3.788211133444027,29.0,1.7916677597419937,0.8455019623515427,2.257949756444639,0.680141897283091,1.2697570088342245,1.0062670350164913,1.0021421093297145,0.4113552279997987,0.4956538215620001,0.1423630251073976,0.7792364074546116,1.1479434867692684,1.1479434867692684,0.1786364746465353,0.0101693959142047,0.5585130841142745,2.441539779670245,1.107114442099693,1.0052276724302247,1.007104105676127,0.3366638331207239,0.6633707884457083,0.6297996571959267,0.6877002060029368,0.7010748708815201,0.7010748708815201,0.4800855256125638,0.2419428135295039,0.2923635590961979,1.4452884372713344,0.9963766566122092
10.0,0.0,53000050,0.0121404016451963,0.0002239247587222,0.8845974050258147,3.7960948644793153,37.0,1.8002433610873128,0.8514901883381985,2.281169987754648,0.7069331264172038,1.5795282054446806,1.0120923523601923,1.0029123685098469,0.6592578905146209,0.5283314640633341,0.0906185155443402,0.8860277426137485,0.7864289548704138,0.7864289548704138,0.1451421356503099,0.022969039054385,0.984584992320548,1.6324392140218962,1.107047295587259,1.0052094576686996,1.0072853040806675,0.3332148950741339,0.6672386081863009,0.6352503776558182,0.6970031249931917,0.4893082336405469,0.4893082336405469,0.43542640695093,0.2286413709120098,0.2912070112773153,1.460680544522374,0.9972872533715932
10.0,0.0,53000051,0.0269680344757244,0.0002928890579954,0.879779727035097,3.791993231207695,30.0,1.7937951165100658,0.8345111531269049,2.2351777288890733,0.6838636467302586,1.3714747139727448,1.0082179710496928,1.0021421093297145,0.4408259811812143,0.4965433865500472,0.1257367595978899,0.7927878126124412,0.8454246033148007,0.8454246033148007,0.1507245254830142,0.0115263240810876,0.5963335342325339,2.171226700053766,1.109667781641243,1.00540402180845,1.0072335514863762,0.3334965087637344,0.6668440082255341,0.6330485506307986,0.7013554552634973,0.7095433555486444,0.7095433555486444,0.4800855256125638,0.2183677181079013,0.2971029083801012,1.447645423586129,1.0015797681784508
10.0,0.0,53000052,0.0191507021310631,0.000134703105816,0.8898340095124095,3.7389504606756576,25.0,1.7706928297379494,0.8484317235681069,2.26258845463919,0.7041435795980534,1.4913073861071195,1.0097134064102586,1.0021953364684106,0.6089012339575351,0.4994179513420061,0.0961876588937786,0.8614002791133644,0.767351216379903,0.767351216379903,0.1618893051484226,0.0187730895026877,0.9010545530582632,1.7444461234198942,1.1030602262183289,1.0049378089749674,1.0070523015955892,0.3260162430800357,0.6616444288825992,0.6372497362012993,0.6900306042674232,0.7527772021811353,0.7527772021811353,0.4577559662817469,0.2237152662576675,0.2827463895019783,1.4934641937281374,0.9893709573902472
10.0,0.0,53000053,0.0336638374071565,0.0002457729451779,0.8934549088183862,3.8049558934349927,30.0,1.802908452365442,0.8471198684320094,2.252733412683035,0.6952881971347487,1.34358164116238,1.0062540245468397,1.0023549235904488,0.4411793105445643,0.506599625855416,0.1328695384501942,0.8068216950122216,0.9591837976352288,0.9591837976352288,0.1507245254830142,0.0091577046356158,0.6906807165318275,2.144228172809434,1.1063993665641851,1.0052139413384729,1.0071817841944062,0.3365236078816094,0.6650591192242447,0.6423064344819692,0.7003831034656008,0.4406160977731696,0.4406160977731696,0.4633383561144511,0.234377621103035,0.2909938019043535,1.4829092045252998,0.9893419295941628
10.0,0.0,53000054,0.0258823160582431,0.0003285591267575,0.886913918449057,3.777124652248048,30.0,1.78920956680801,0.840865030028448,2.237920978099324,0.6896304198336489,1.2648944777442854,1.0054002970316906,1.002965368758879,0.4017573147125809,0.5300855165701039,0.1529736567658755,0.7903739245796219,1.0841731241608323,1.0841731241608323,0.1674716949811269,0.0077623663573714,0.6113579035403657,2.324951083872317,1.1068410482313598,1.0053293087167054,1.007337041987406,0.3461585215480463,0.6696959734154649,0.6276825750658308,0.6950008122378146,0.5610412990837088,0.5610412990837088,0.4800855256125638,0.2561856616451374,0.2942458759275651,1.449029702843396,0.9920800147172112
0.0,0.15,52000001,0.0503668279525204,0.0006672316448838,0.9020379684880294,3.827155039102196,31.0,1.8142446535362,0.8355410457475502,2.2509012357801126,0.6964615487612322,1.333306840897991,1.0073630887297422,1.0027267449334951,0.5025697805309313,0.5208291489970114,0.1344373466599162,0.8216861180741353,0.9561920631566074,0.9561920631566074,0.1451421356503099,0.0133094405601701,0.7310729052961508,2.0820641555209383,1.1021071872694088,1.0049266827880703,1.0070782054768732,0.3296299501368205,0.6624408624424197,0.6148635111057903,0.6905811771876739,0.5550570888084595,0.5550570888084595,0.4912503052779722,0.2786009205901529,0.2827936044417905,1.457459523612467,1.0090203806136533
0.0,0.15,52000002,0.0270512149743753,0.0003691975192892,0.8833924453773693,3.674020556487335,26.0,1.7386555219707418,0.8373832838722353,2.2589575865772185,0.6931398443086935,1.2514794793607806,1.0061441920321454,1.002275147699018,0.3591547714132388,0.5011702465464133,0.1401384674418065,0.7518768823483857,0.9159736383928472,0.9159736383928472,0.1451421356503099,0.0097725456267169,0.4676465471641923,2.4245880631805314,1.1032752323141617,1.0052911442680643,1.0071300021946208,0.3338663474221219,0.6637661362351038,0.6442789652669877,0.7053744784972336,0.7606704749009149,0.7606704749009149,0.4521735764490426,0.2427492392520286,0.2927504584579607,1.4525050909213586,0.9941945764254538
0.0,0.15,52000003,0.0400180957607935,0.0004479515676362,0.8901849187983405,3.7199546979134905,29.0,1.765605962620693,0.84481518543999,2.25749979109217,0.6985458917098232,1.2714958858956376,1.0060151346080457,1.0031507471585512,0.4754078343976727,0.5372217664079953,0.1462805791955927,0.828426869029579,0.9762077322802868,0.9762077322802868,0.1786364746465353,0.0097651200423945,0.7923271837541364,2.037482381735769,1.1118205518583746,1.005289305757151,1.0073111748693486,0.3356993429271766,0.6689096516217627,0.6463377960387704,0.7030241752778777,0.7547274305735959,0.7547274305735959,0.4689207459471553,0.2533257260432466,0.2939452026589909,1.4664207108786498,0.9963892004141875
0.0,0.15,52000004,0.041842400126954,0.0008020060764362,0.8798391621469983,3.765106042416967,27.0,1.7820963092073836,0.8318943124909087,2.2200610009704698,0.6990821475537989,1.341335418013189,1.0074497953295274,1.0021421093297145,0.4622261705210521,0.4953226585233554,0.1246477144015799,0.8021551802080277,0.9060334773304142,0.9060334773304142,0.1674716949811269,0.0132368579219231,0.6162972824058264,2.08692440070504,1.108527665076231,1.005546729979485,1.0071558950336243,0.3464243182340358,0.6643314370539143,0.6321314470314341,0.706649348296641,0.5808386426039626,0.5808386426039626,0.4465911866163384,0.275748880224542,0.3006953489504813,1.4220364458158976,0.9993035634545164
0.0,0.15,52000005,0.0449506450947786,0.0006847268591586,0.906004204481362,3.778828058169376,32.0,1.800699093923115,0.8426037019945649,2.270263176072391,0.7028534028762972,1.2932388035455256,1.0070710762949566,1.002434664180612,0.440239064513981,0.5076301217632575,0.1212630139154152,0.7562697142045137,0.9737490842489208,0.9737490842489208,0.1563069153157184,0.0136756862979595,0.5529929367838052,2.3830848378586973,1.1065390090420928,1.004633993449482,1.0072076696782342,0.3391982063251053,0.6662228191352385,0.611826465543677,0.69029313636607,0.5041946602798948,0.5041946602798948,0.4298440171182257,0.2952276974869031,0.2738272381807153,1.559977466475985,0.9999978853499968
0.0,0.15,52000006,0.0158923065898546,9.961819729508132e-05,0.8924345643599857,3.839187342999427,32.0,1.8145303011106304,0.8455001792757261,2.236165111017787,0.674762552033232,1.4272446115140758,1.0071427999781597,1.0023549235904488,0.491412598335198,0.5063953316628143,0.120106010778075,0.8354502488743439,0.9757075017385736,0.9757075017385736,0.1395597458176057,0.0104581120040862,0.7882970945253569,1.90765742041152,1.1058313944293987,1.0052667479654176,1.007337041987406,0.3384369908671003,0.6694092920150221,0.6305444780171463,0.6996138183160894,0.5107227173354101,0.5107227173354101,0.4633383561144511,0.2576111450678731,0.2932959961937676,1.446418976050542,0.996159416593126
0.0,0.15,52000007,0.0286251222791937,0.0006206546572646,0.9018629724949428,3.905205228158679,27.0,1.853344210997788,0.8508827672396445,2.267331762315323,0.7019190146712504,1.2889581753337933,1.0063230117230424,1.0022219441408642,0.3924334988086739,0.5000599909996427,0.138424841064572,0.7825306907553137,1.0583231261596464,1.0583231261596464,0.1786364746465353,0.008939657335302,0.5519794455088559,2.3602188048243176,1.1136049329572002,1.004809670741779,1.0073111748693486,0.3256930957245824,0.6687151288566006,0.6197817758394193,0.7024787863928089,0.5478723279552666,0.5478723279552666,0.4075144577874088,0.230334920273743,0.2793943279592709,1.5908943670296989,0.994672164816103
0.0,0.15,52000008,0.0317323884963154,0.0004271999817405,0.889822419417435,3.768178385821525,35.0,1.79095739637658,0.8487103642866882,2.275983797924109,0.6965053661251963,1.3009063836050203,1.0063620732244876,1.002594039608451,0.485848691253299,0.5159879499663096,0.1257646445720933,0.8207733960641762,0.7284153610270139,0.7284153610270139,0.1395597458176057,0.0109527204299634,0.7440208751578709,2.1315400484711784,1.1082865082950422,1.0052535918916434,1.0070782054768732,0.3339388826339697,0.6610860428875779,0.6303285060975956,0.7000030906203123,0.6815995356404649,0.6815995356404649,0.4912503052779722,0.2465885053667998,0.2929668098809636,1.476397744813689,0.993450335282704
0.0,0.15,52000009,0.0399112122246194,0.0005767926785479,0.8916828249874325,3.802055993000875,31.0,1.8014545984214485,0.8422486226955157,2.255522281444035,0.6959084402458187,1.250401953867477,1.0053859640602234,1.002594039608451,0.3648354048291982,0.5160528269329548,0.1607166888970667,0.7633803966723541,1.1731006233262318,1.1731006233262318,0.1674716949811269,0.0077625968028431,0.5373593774413779,2.4680695347610304,1.1077372515503805,1.0054373855980532,1.0069745678468454,0.3424222622409338,0.6591829395184247,0.6367891773746578,0.7119461404307553,0.6920222393637068,0.6920222393637068,0.4633383561144511,0.2637517031675323,0.297983791319287,1.4313813377949194,1.006699790748906
0.0,0.3,52000010,0.0574172556622388,0.0010471381885697,0.8930330227897755,3.8748901530919015,33.0,1.83131468640866,0.8195791672884644,2.183976935422022,0.6700463358688018,1.4751657739360913,1.008971525179294,1.002806321283778,0.5873452903969888,0.5239302770283755,0.1116546567504926,0.8783879040043827,0.7896522375260816,0.7896522375260816,0.2232955933081692,0.0158339888909314,0.9598858761496424,1.678834668249242,1.101743214149134,1.0054080125177949,1.0067930599911723,0.3485291998774709,0.6546079391458763,0.6159162664586351,0.6911920133183261,0.677927851380325,0.677927851380325,0.4689207459471553,0.2775967520735389,0.2978263449438877,1.4244333919602634,1.0019128740803396
0.0,0.3,52000011,0.0547683838496831,0.0015375652609433,0.8847234736345304,3.720220107347436,29.0,1.7632809990641602,0.8273640966233321,2.2259465543114394,0.6958923918508118,1.4169788196131867,1.0078187836087342,1.0024080879039163,0.5571727937936075,0.5085559200583638,0.1389968075381523,0.8528973486475036,0.8771504709284021,0.8771504709284021,0.1451421356503099,0.014054291721373,0.8739293258874669,1.827312807671136,1.1097227319882053,1.005471240056055,1.0072335514863762,0.3496483046824887,0.6669342793031802,0.6337282212699566,0.7028053626818962,0.5268187056342292,0.5268187056342292,0.4800855256125638,0.2823847114232489,0.3000666525883671,1.4455023911436422,1.0084330804091308
0.0,0.3,52000012,0.0627005011998018,0.0014849741285562,0.8905531263890181,3.857309156033132,26.0,1.8237078693160005,0.845587703248881,2.2770811006416234,0.7007267885689469,1.4397875055394045,1.0089284023318643,1.0027002116796568,0.5601871369158031,0.5199104435770108,0.1208674733821492,0.8700482323648929,0.9143924247788332,0.9143924247788332,0.2121308136427607,0.0132070241571072,0.8960761084753448,1.7329114814812627,1.1041819665641337,1.0054949736865104,1.006948649224726,0.3368625224561467,0.6586366085883275,0.6442599488842068,0.7016836599871834,0.5944211208955762,0.5944211208955762,0.4577559662817469,0.2478534576529619,0.2994234734534988,1.4193916549279395,1.024483312402291
0.0,0.3,52000013,0.0658697091563218,0.0014428521922763,0.9062009336989972,3.96632610986393,35.0,1.8736516334893007,0.8468922059162183,2.2513878647058005,0.6948470045859692,1.2663260369828546,1.0060484075748364,1.0032036774692303,0.3725255311271859,0.539097091144529,0.1681604995918958,0.767571286884629,0.9359626576894492,0.9359626576894492,0.1786364746465353,0.0086730230703687,0.5149754659887673,2.4778228611732507,1.1037567337807463,1.004889447140468,1.0072594296200987,0.3391410138568542,0.6672802231430729,0.6136654575413615,0.6904526517139352,0.6934961856160261,0.6934961856160261,0.4410087967836342,0.2849854648473207,0.2819783849731971,1.5029739354010498,1.0004917772447437
0.0,0.3,52000014,0.0744397330498829,0.0020420843813129,0.9001414039086573,3.9300161253167474,36.0,1.8601466060360987,0.8483126503735596,2.269191142224041,0.7040094862486324,1.3094001891309903,1.006457335542442,1.002434664180612,0.4180755315698111,0.5092586844911443,0.1424618619126176,0.7842946227404178,0.9700060502743858,0.9700060502743858,0.1451421356503099,0.009159572438655,0.6029902515454845,2.301338440104639,1.1064529510929713,1.005118480255847,1.0068190007627664,0.3423248853148584,0.6554025180945042,0.6126867781425468,0.6976441751980071,0.6453827839500808,0.6453827839500808,0.4465911866163384,0.2810486548251042,0.2894481044179365,1.4770123919460114,1.0097231801929418
0.0,0.3,52000015,0.0381035896194853,0.0006210088986085,0.8824642468846701,3.85095802919708,28.0,1.8187948080926344,0.8399420841348164,2.2556921867542603,0.6755860363790118,1.386945390175256,1.0068424075194968,1.0024878049809298,0.5549680235132487,0.5114383787089035,0.1319815422834879,0.8795086747345072,0.8534558052341297,0.8534558052341297,0.1786364746465353,0.0118420357798088,0.9820447797203888,1.7014432079735369,1.1130401570664783,1.0057470559915118,1.0073887652167062,0.3421953229524718,0.6697362183870436,0.6306561371035382,0.6994097040536952,0.6764070039171398,0.6764070039171398,0.4633383561144511,0.2366900371551399,0.3076898001556186,1.4194831629525413,0.9830054023938484
0.0,0.3,52000016,0.0727910135977105,0.0020491266770504,0.8859181868662979,3.77859649122807,31.0,1.7945754838393508,0.8267435164428357,2.2317140874392782,0.6838730589895029,1.4775937535391397,1.0087095975443432,1.0030183534466954,0.5518558373831908,0.5321840804127672,0.1111900669897411,0.8589337107659819,0.841962990745046,0.841962990745046,0.1674716949811269,0.0138896239370127,0.8868530957270322,1.7853589278509914,1.1152251435527605,1.005813323194002,1.0071558950336243,0.3471821303448999,0.6647736903007062,0.6469797296708999,0.6961582618242919,0.541013646469519,0.541013646469519,0.4800855256125638,0.2544458191427948,0.3091744852297436,1.427426987811261,1.0208773304465442
0.0,0.3,52000017,0.0544479155055396,0.0013026277067317,0.8939078378632953,3.791370738636364,30.0,1.7985332876054352,0.841887408554773,2.249514115130245,0.6915480820571243,1.308178279098502,1.006092664196911,1.0022219441408642,0.4087532853927833,0.5010124578727286,0.1468584140877759,0.779785795576741,1.115293484756307,1.115293484756307,0.1674716949811269,0.0096048293338716,0.5719988925290682,2.340640666731967,1.1041144673545318,1.005281610524377,1.0070782054768732,0.3407675415351675,0.6625170239251875,0.6320552182249253,0.6955283376628589,0.6192433409167502,0.6192433409167502,0.4689207459471553,0.2679350396327197,0.293808928978318,1.4447611340327746,1.004894879909806
0.0,0.3,52000018,0.0665364594036489,0.0016494378764449,0.8947136610073512,3.786570211255104,38.0,1.7946978708207784,0.8266288446816766,2.2165000632671137,0.6937918038233153,1.3686968804117683,1.0074475366630549,1.002275147699018,0.4893255489003422,0.5025947178792782,0.1274275601299946,0.8102003290783909,1.032868025477989,1.032868025477989,0.1451421356503099,0.013168316666613,0.7004627364580117,2.123546281265483,1.1049238336958134,1.0050501117855482,1.0070523015955892,0.3370563068441961,0.6618505200450183,0.6308883000203456,0.6979003746575835,0.7141185804116972,0.7141185804116972,0.4745031357798596,0.2769129310093686,0.2861557080652288,1.4787053032309174,1.021344002322352
0.0,0.5,52000019,0.1184565167967935,0.0050083021918265,0.8932301537165719,3.755766080835805,33.0,1.787202348290047,0.8176721415034744,2.234152726435856,0.6988417376303169,1.4691625567776634,1.009135984258473,1.0023815077076623,0.5808654477046755,0.5060635365036554,0.1138690388068463,0.8537221939227575,0.8568653356253857,0.8568653356253857,0.1507245254830142,0.0165634642535919,0.8620250135262075,1.78987676930176,1.101592202271117,1.0056728524856224,1.0070782054768732,0.3561918710702494,0.6621991864780671,0.6335622572279823,0.7008600487893231,0.4504645981079711,0.4504645981079711,0.4577559662817469,0.2931026597237569,0.3054672440256528,1.3802359514819893,1.0545731331360886
0.0,0.5,52000020,0.1074857523415273,0.0049390507071822,0.8799109604002622,3.760480106690376,26.0,1.7806546605843967,0.8270749035230972,2.253372442328402,0.705920076879064,1.396276215679783,1.008224436791918,1.0026471334580116,0.475837854598956,0.5178209204111709,0.130008189070183,0.8034821135788957,0.8224946065932751,0.8224946065932751,0.1563069153157184,0.0126666679109391,0.6423986241103383,2.0704551608600554,1.1088032676919717,1.006237369289749,1.0072853040806675,0.3642980723509886,0.6684507451520157,0.6442594051082692,0.7018810061839506,0.5921230152046472,0.5921230152046472,0.4633383561144511,0.292688395702473,0.3224784446218455,1.3539841845621334,1.0302684659718435
0.0,0.5,52000021,0.156064756287579,0.0083489258747879,0.8974270074909908,3.87295397868964,26.0,1.8335397755368523,0.8096626427543312,2.202314781738944,0.6792032775785539,1.421478272922737,1.0084371792230062,1.002620588487418,0.5408780910288908,0.5151862510006834,0.1298009369732058,0.860541746924026,0.9163842489004066,0.9163842489004066,0.1842188644792396,0.012484814167936,0.8458030746702468,1.8207568209945009,1.1096795049428143,1.0060652970264854,1.007104105676127,0.3722481061667126,0.6629937638967028,0.6179225751225271,0.6963103206746599,0.6801119173041815,0.6801119173041815,0.485667915445268,0.338603086610156,0.3158068104882433,1.367453974515668,1.0805679708979352
0.0,0.5,52000022,0.1258224084057521,0.0063199639871109,0.9042005645027394,3.953000952683392,35.0,1.8717827037877048,0.8145961314959322,2.1996777583187392,0.6807750537594309,1.3117000234301612,1.0063522384580506,1.002594039608451,0.4043813588279666,0.5159161073902705,0.139641548505645,0.7813272895308856,0.9470709865589636,0.9470709865589636,0.1451421356503099,0.0096022497753497,0.5693169863899277,2.2138252675705647,1.103181972149598,1.0057635520703854,1.007104105676127,0.3728094637269187,0.6631601799900886,0.5976774294994429,0.6961181182800584,0.4408058408387647,0.4408058408387647,0.485667915445268,0.3385749929637123,0.3095844505637687,1.3702393333347516,1.019590706386706
0.0,0.5,52000023,0.1078825486587697,0.0041339032436863,0.8868905248552998,3.8522599505284463,33.0,1.8145543426898905,0.8175483283115377,2.213041467550485,0.6779806506004057,1.3218292461471126,1.0063470447638014,1.002991863047247,0.4694457299933419,0.5309651394546194,0.1420056379420644,0.811827704991794,0.7476668334604207,0.7476668334604207,0.1395597458176057,0.010502798055289,0.7390973176895254,2.0860122754572865,1.1060314293995774,1.0059965605299783,1.0070782054768732,0.3662283172980215,0.6623326389820012,0.6252301314978314,0.7053776410221977,0.6161370302321517,0.6161370302321517,0.4745031357798596,0.3156299665125846,0.3143178733934912,1.3505135358160252,1.0610526212160585
0.0,0.5,52000024,0.1342780000729073,0.0063339373799252,0.9003439997505742,3.936565638206025,28.0,1.8615355653801,0.8158977769925484,2.212697294250282,0.675630361063816,1.4132806732651255,1.0074991145986265,1.0022219441408642,0.5798277878799573,0.5007496477153629,0.1125444616357301,0.8769061829000305,0.8231453382681029,0.8231453382681029,0.1507245254830142,0.0142442519736505,1.0008480029553537,1.676201835614365,1.1032265278088191,1.0059656195338962,1.0067671155235312,0.3642563043432156,0.6535503289753833,0.6396159217601989,0.6945047311610764,0.6227187441238744,0.6227187441238744,0.4745031357798596,0.3278269761937754,0.3131787456785977,1.3521256454213213,1.0749158446096485
0.0,0.5,52000025,0.1137019117745801,0.004977228884953,0.8948824776284602,3.880201023226333,32.0,1.8398810624456496,0.8121260533157911,2.1903628708619065,0.6750147686038568,1.2225738559074435,1.004634826744298,1.0022485478839311,0.2885544850749475,0.500691004532172,0.1693730945240353,0.7297528195561929,1.0767975682415682,1.0767975682415682,0.1507245254830142,0.0064758400361357,0.4152201284223009,2.5108673113951654,1.1112050952202115,1.0058571506727023,1.0072076696782342,0.3682166944596092,0.66601722420452,0.6237364009069294,0.6977639529161437,0.4535216284783491,0.4535216284783491,0.5024150849433807,0.324766413193404,0.3106488548223576,1.3889519323200077,1.0470116429473446
0.0,0.5,52000026,0.1079365713486024,0.0037403493770482,0.8908344301131876,3.804613724255778,38.0,1.8058762815179457,0.8205738352197947,2.222051150457617,0.6776108396520858,1.4205973534483358,1.0084390202078273,1.0025409301198147,0.5159744439535211,0.5135608974067124,0.1329028205100996,0.8530419499019122,0.899269985080331,0.899269985080331,0.1730540848138311,0.0117408410771857,0.8058177325313006,1.8805041818885315,1.1163034155614984,1.0059099402849807,1.0074404737786713,0.3538560492614446,0.6726705492304322,0.6384275613334451,0.7126770856445995,0.499608969311202,0.499608969311202,0.4800855256125638,0.2729884268303447,0.3125534330810465,1.4276180563547811,1.039031252477453
0.0,0.5,52000027,0.0861809881132743,0.002698539821649,0.8767773013604362,3.691046040023176,33.0,1.7479129322196465,0.8287120851198984,2.2534221927943228,0.6793081185274988,1.2855910236056467,1.0065028786390997,1.003044839958608,0.3991103231663636,0.5325220687465628,0.144251674451548,0.7807192663917277,1.0441274726897782,1.0441274726897782,0.2065484238100565,0.0093633400555479,0.5418575698595465,2.33157511874341,1.1075559864982445,1.005994488214388,1.0068968009140395,0.3532965061547828,0.657457185312563,0.6343154077501745,0.692449599275939,0.6330521882949942,0.6330521882949942,0.4968326951106765,0.260896018747266,0.3148827379997178,1.3741110306499404,1.0196413985861823
0.0,0.7,52000028,0.200281602397583,0.0132526287691207,0.9023306627822288,3.969016018306636,34.0,1.8752816316327248,0.7626885859952138,2.120117427583913,0.6614060388983712,1.505024296460831,1.0101105914037172,1.0025409301198147,0.6000110582459612,0.5139680336296593,0.0971099988638436,0.8740258969575043,0.8297986158820362,0.8297986158820362,0.1563069153157184,0.017630060384856,0.9387007751361408,1.69163889152971,1.108397315709534,1.0063106031884856,1.0073111748693486,0.38931007523806,0.6690923909753475,0.6159788455019788,0.6919417536624416,0.592470251252821,0.592470251252821,0.5079974747760849,0.4072873699711926,0.3248997541719501,1.3180919335532737,1.1367325101301904
0.0,0.7,52000029,0.1916039914103665,0.0128711797218564,0.893363478910196,3.8688075454749606,33.0,1.8322914656854168,0.782277719583908,2.1675024066437736,0.6760857749143165,1.4441043052108933,1.009273857582948,1.0028593526885123,0.5841364958807973,0.5243024181036166,0.1021753205604506,0.8501638773930896,0.9487129455313668,0.9487129455313668,0.1730540848138311,0.0175324366215279,0.8585040787952042,1.8531798278457468,1.1128824811631446,1.0065179485485682,1.0071300021946208,0.402369275966158,0.664002947106524,0.6154424981035126,0.6959883756913138,0.6307908056834549,0.6307908056834549,0.5024150849433807,0.4632674802040283,0.3309054505866134,1.321591601919623,1.1019028126506407
0.0,0.7,52000030,0.1996559084801202,0.0148390599090814,0.8938740025460303,3.868102830526693,30.0,1.833922779294726,0.7476066279587253,2.1141598618550064,0.6544835243899418,1.206059447153886,1.0037477316167456,1.0029123685098469,0.2849219453390493,0.5275208147768347,0.1669972035717573,0.6905968471472733,1.204692900746338,1.204692900746338,0.1395597458176057,0.0064717995785013,0.4046446023127443,2.987213478502469,1.1181689043920249,1.0071660166413636,1.0074663225625575,0.4127907169884429,0.6724334540011663,0.6172204148790664,0.7004802912217512,0.5054137992192861,0.5054137992192861,0.5024150849433807,0.465679793594793,0.3478751386134963,1.269463215841431,1.141317528514891
0.0,0.7,52000031,0.2231728006267465,0.0176110043428741,0.8995842927246017,3.964325068870524,33.0,1.8663593600061512,0.7677300715766662,2.147228090624317,0.6535343387493309,1.2231578273833932,1.0054480013615064,1.002806321283778,0.3413140718517771,0.5238502045521292,0.1361449805764899,0.7500462114179498,1.2593890376320676,1.2593890376320676,0.1842188644792396,0.0085194707700837,0.4515006805441149,2.4796659579314686,1.113614133649424,1.0067851841521147,1.0074146213304744,0.4111921361077044,0.6711418628201811,0.60788049234542,0.6933872219634273,0.4584392459305735,0.4584392459305735,0.4968326951106765,0.4956597861024679,0.3378783687527669,1.2933003401227252,1.140769792638881
0.0,0.7,52000032,0.1924127907647049,0.0151300278233163,0.9153991122828335,4.011010333468707,31.0,1.8951366038554416,0.7900167862990845,2.1689332466284035,0.6679300843086139,1.3426142053207637,1.0065244275019003,1.002514369507352,0.4856295540085105,0.5124657708631167,0.1292637602434296,0.8175770037598395,0.9245425351176888,0.9245425351176888,0.1674716949811269,0.0107701174291924,0.75283610998367,2.05005697661202,1.1131899075512075,1.0062122426246152,1.007595511561432,0.3919070208614941,0.6768879439088202,0.6180236926346597,0.7028606449519732,0.69429982319447,0.69429982319447,0.485667915445268,0.3884219301929618,0.3236845631551148,1.3427759412946567,1.1356303812875892
0.0,0.7,52000033,0.1928979577662652,0.0143435002119787,0.8985804399903758,3.9598930481283423,40.0,1.875372094400424,0.7776981578149028,2.1635720729897265,0.6614536962391683,1.4584720681986458,1.0083806804571684,1.002594039608451,0.577638757501785,0.5145740129792453,0.1212505038752268,0.863761555717385,0.9118930320890464,0.9118930320890464,0.1395597458176057,0.0156477959285839,0.8814577775941422,1.7949464649876778,1.1107003528686572,1.006673471556297,1.0071817841944062,0.4059091289844787,0.6654315773138608,0.6004685895424267,0.703381260810806,0.6439658881641621,0.6439658881641621,0.4968326951106765,0.4178328510688897,0.3354044948964105,1.3097205704601014,1.1146924040469357
0.0,0.7,52000034,0.2228779907915904,0.0172863496827764,0.9203748777798582,4.20087356976689,36.0,1.9738781047499352,0.7645311947408933,2.1129029939775488,0.6633937487625123,1.318713302678202,1.0060506615770948,1.0023549235904488,0.50310935450594,0.5061364424425198,0.1392549282119436,0.8402218436814277,1.007310233838435,1.007310233838435,0.1618893051484226,0.0111748495489673,0.8614847462775446,1.9251299591924176,1.1112635301035363,1.0062496100768243,1.0073629054361042,0.4007047646748409,0.6701171068677675,0.5885591345792394,0.6928001194138649,0.6430364045188979,0.6430364045188979,0.4912503052779722,0.4933118492886711,0.322835342881825,1.3155961599322576,1.1557229384046752
0.0,0.7,52000035,0.2196283118780808,0.017986705124116,0.8932474750616977,3.840354866033614,28.0,1.8230448361818048,0.7512858002032394,2.1472815375724257,0.6723386671265129,1.4025068872719948,1.0079100393706242,1.0025409301198147,0.5740941729946071,0.5135235135047016,0.1158066090350852,0.8682377394281533,0.9063195024774844,0.9063195024774844,0.1451421356503099,0.0152554315114413,0.933288510160694,1.773662978150981,1.1155577215982322,1.0071167466920896,1.007337041987406,0.4154990526280801,0.6698086190068833,0.6181211936866987,0.6998374741583795,0.4509874315521562,0.4509874315521562,0.4912503052779722,0.4826834715220146,0.3457660498763195,1.274376854911058,1.1433612387955443
0.0,0.7,52000036,0.1947720657647735,0.0128847903965357,0.9034594571831638,4.080452665113404,35.0,1.92812698637638,0.7672604383803929,2.1230500327725585,0.6544592554722088,1.4763538643276646,1.0097596057587233,1.0027267449334951,0.587522367891821,0.5194871011215966,0.1129704221226375,0.8729609293595955,0.9097422556875924,0.9097422556875924,0.1786364746465353,0.0167233888750913,0.8950353561164842,1.7377586390856443,1.1100991875786783,1.0062526482017509,1.007104105676127,0.4037134522633169,0.6631426754505881,0.5852451966590669,0.7026331326530673,0.5500101762731807,0.5500101762731807,0.4968326951106765,0.4727425191518195,0.3237986370345562,1.346461430975568,1.113317380063179
0.0,0.9,52000037,0.3955067124219688,0.0566762601578958,0.9222494711027376,4.294354048225838,47.0,2.004080236347324,0.6360713195591996,2.034353329293745,0.5923689892804624,1.3553370270628098,1.007397861073423,1.0029388705802076,0.4352972794462705,0.5292750070650177,0.1276113488828488,0.8043209426434442,0.8902752914621924,0.8902752914621924,0.1451421356503099,0.0103527551794112,0.6259947099327022,2.146142462490852,1.116690957647252,1.0076589776248368,1.0072594296200987,0.4608369462315254,0.6676213721604417,0.5806355234817514,0.6853653670587464,0.5372615872008608,0.5372615872008608,0.4912503052779722,0.9360002011854772,0.3593857516477874,1.227874662816842,1.460009588135064
0.0,0.9,52000038,0.3518010018248307,0.0425304157475879,0.8947778643803586,4.039562529719449,37.0,1.908246532699701,0.6800994291251501,2.08444975304258,0.6411669668807808,1.373072170779312,1.0075342637576876,1.0028593526885123,0.4911566400244063,0.5261163365079977,0.1409919631962969,0.8088877206043315,0.6628592263907671,0.6628592263907671,0.1451421356503099,0.012565769322342,0.6907745573980171,1.992293870651881,1.11130893764215,1.0077301261643374,1.0073111748693486,0.4536619029291618,0.6689467121087344,0.5975763203783635,0.6660345660095148,0.4278324797494701,0.4278324797494701,0.4968326951106765,0.8913136045024076,0.3604183421297676,1.1997996452840995,1.3811005150347604
0.0,0.9,52000039,0.374503052869686,0.04919340436979,0.9011121320617216,4.135323768902675,32.0,1.9430732757397675,0.6820337336163831,2.062536929685878,0.6295067354268026,1.3809154378197943,1.0069927588890797,1.0024612365391496,0.4444955473232193,0.5094723634197424,0.1291165277838918,0.7996685671156686,0.898474019679534,0.898474019679534,0.1395597458176057,0.0096189050903916,0.6677264997168568,2.0754485374854528,1.1101327967990051,1.0079622615895871,1.0072853040806675,0.4616578024777385,0.6683637162207556,0.5968514964286971,0.6860850022278,0.3912771016146396,0.3912771016146396,0.4745031357798596,0.9555342801160002,0.3661020840798113,1.1785163089151445,1.36658642613543
0.0,0.9,52000040,0.3654181215207149,0.0480006080137788,0.9107421773985002,4.148026005841892,34.0,1.94624140987368,0.6805171967933799,2.0660752139436287,0.6213737913320637,1.4178566233872176,1.0069827821194544,1.002753274284534,0.5812573386612723,0.5213800123444277,0.120392548469928,0.9006435778122583,0.9346706777656412,0.9346706777656412,0.1451421356503099,0.0135898476153204,1.058209410594029,1.6165826076156455,1.1140074071676005,1.007858063044518,1.0073629054361042,0.4559073757470516,0.6705640698694288,0.5829073975049417,0.6828796631001269,0.4603110873837264,0.4603110873837264,0.4968326951106765,0.8390502441932609,0.3641370238103337,1.2077476638695113,1.3722557015790684
0.0,0.9,52000041,0.3792636510446396,0.0511761719861094,0.9085771759192052,4.192984974638722,34.0,1.9636836921255825,0.6690083158789739,2.071583374805349,0.6178665654587432,1.5191725237485374,1.0103903707257464,1.0024080879039163,0.6798992475461992,0.508561725384166,0.0891692230847206,0.9116928500491428,0.7798488473836774,0.7798488473836774,0.1898012543119438,0.0222695091427241,1.1394582897509182,1.4859361582832462,1.1147518312563,1.0078500711161065,1.0074663225625575,0.4602094923577988,0.6732330184128814,0.579835266600772,0.6862901669556757,0.4341877944783018,0.4341877944783018,0.5079974747760849,0.9606226183275884,0.3637579028381915,1.1995096854588467,1.4006761256922544
0.0,0.9,52000042,0.3512427563054983,0.0428221228963513,0.9063008193240316,4.132480045340764,34.0,1.9481380143045877,0.6986109816351264,2.0863674327961146,0.6437863457323464,1.2786727069572406,1.0057932063019572,1.0028858625464103,0.4539139714483911,0.5270059713476364,0.175173056239891,0.792931118194751,1.1061428836071447,1.1061428836071447,0.1730540848138311,0.0102078833710895,0.6881455364787094,2.2402783494633334,1.1163628214307515,1.0079674289647134,1.0073111748693486,0.4527686986092913,0.6688955049201372,0.6112713015313356,0.684759507733125,0.5216169835626497,0.5216169835626497,0.5024150849433807,0.7057976125214857,0.3661760461767018,1.215341739017218,1.3799995523684494
0.0,0.9,52000043,0.3663676220481662,0.0469735126904329,0.8919682789464966,4.115256018341612,29.0,1.938028007842321,0.6681868063607752,2.068737279035851,0.6259793368112846,1.483764100100496,1.010509483850304,1.0027002116796568,0.5825404588337743,0.5176648081395329,0.1217486770054638,0.8546624603639994,0.9979770003499966,0.9979770003499966,0.1618893051484226,0.0192673783798856,0.8319240518429265,1.8071768642689836,1.1174639377458495,1.0084656388174178,1.0074146213304744,0.4631479631430346,0.6719684834489371,0.6028778468899864,0.6886428453770955,0.5192123507179132,0.5192123507179132,0.5024150849433807,0.8165918993745146,0.3771328027199838,1.189348798433165,1.4128780609738647
0.0,0.9,52000044,0.3181131228505615,0.0371421394044302,0.9082243701017904,4.22404815363302,30.0,1.977864425400531,0.7044537115975226,2.0925233787432687,0.6218142677658912,1.470478777599597,1.0097405259077017,1.0023283355508723,0.5932922565748198,0.5055203843896318,0.1220770730822871,0.8625692828428213,0.876399512964837,0.876399512964837,0.1786364746465353,0.0170617266512821,0.8953499082192898,1.774156182092396,1.115039718478098,1.0073365051209966,1.0074146213304744,0.4531186588188484,0.671437752734887,0.5935582681102255,0.6931058499701959,0.5334480508532926,0.5334480508532926,0.4800855256125638,0.8451916260650196,0.3520198131398511,1.2499703370485178,1.369442761120763
0.0,0.9,52000045,0.3593194285653651,0.0475297552376066,0.9254745626174788,4.185231890149923,35.0,1.9753303184980424,0.67273769442092,2.0659213447510307,0.6130628106031687,1.4056208819012403,1.0075933056384256,1.0023283355508723,0.5529459731074976,0.5049660038608401,0.1417602137551059,0.8637771692214444,0.9940120030184932,0.9940120030184932,0.1730540848138311,0.0129230169856285,0.8904159011639392,1.7709439918819794,1.1167680820640635,1.0075106164632377,1.0074146213304744,0.4603073596730024,0.6717036655551268,0.585759114034009,0.6936915785721736,0.5738584286612338,0.5738584286612338,0.4968326951106765,0.954403902965389,0.3567264223892148,1.240553436258415,1.3768460835308218
0.0,0.0,52000046,0.017609435748019,0.0001186525125297,0.8840002092159632,3.7448373659487726,28.0,1.768606846057419,0.8342329619749987,2.237926196155465,0.6956241260832218,1.3264752447072647,1.0065195663351962,1.0021687248651634,0.49362222721406,0.4983734832148679,0.1259982725195302,0.8455009015198844,1.107803845624211,1.107803845624211,0.1786364746465353,0.0104432962252927,0.8458954454809203,1.930436390995721,1.1003208813393928,1.0053629515571592,1.0068968009140395,0.3286689317204667,0.6571551436785524,0.6360744580964363,0.6955151515925889,0.4230040177635387,0.4230040177635387,0.4521735764490426,0.2338173264635237,0.2962499553287387,1.4107600643151377,1.011160967516279
0.0,0.0,52000047,0.0173234500132489,0.0002202224089844,0.8881856540084389,3.803479583165616,29.0,1.8027761043111203,0.8539656180807954,2.300402318253433,0.6928284860125894,1.4183156995528292,1.008573738439274,1.0023815077076623,0.5373961206117264,0.5066069468244832,0.1251203586420054,0.8684744543916812,0.9220699992566004,0.9220699992566004,0.1730540848138311,0.0118598682078223,0.8515015348383149,1.801179250440461,1.1147895356635813,1.005158635828771,1.007543846940958,0.3402035480057729,0.675232657048092,0.6331524704313415,0.7077599809167365,0.6474657042873417,0.6474657042873417,0.4968326951106765,0.2756770448000012,0.2903015531945439,1.4956844829480012,0.994963279568194
0.0,0.0,52000048,0.0362660121488012,0.0005394671608821,0.8673365663581881,3.71234987536823,34.0,1.7521467728089266,0.8339245251053556,2.275044774394824,0.7093824085328395,1.582175970445388,1.012503936319484,1.00230174358753,0.622860431690189,0.5035960527604441,0.0846695525812625,0.8648561407019469,0.7188312322409688,0.7188312322409688,0.1786364746465353,0.0223715814068913,0.8631251866698203,1.7450612764103144,1.1096978635024437,1.0056392980559807,1.0071300021946208,0.3415623248872229,0.6632500617031684,0.6474444999122034,0.6925151462255003,0.556669293771992,0.556669293771992,0.4521735764490426,0.2365863478213639,0.3040285371932899,1.4282751907454865,0.9825022422107682
0.0,0.0,52000049,0.0321609901399183,0.0005019697333597,0.8689636949743698,3.6928224937118217,26.0,1.7445888485761334,0.8322464725466364,2.2379071221508555,0.6789785957603571,1.375124200133238,1.0078730932446185,1.0021687248651634,0.4867295576675607,0.4981305033428173,0.116469875592865,0.8228965176779924,0.9670571590981936,0.9670571590981936,0.1674716949811269,0.0119646000014691,0.6925041705072162,2.051236314429257,1.1145710990619455,1.0057858180676866,1.0073887652167062,0.3451148645574257,0.6710107900150247,0.6541666408383168,0.7019067190802434,0.7467693512118458,0.7467693512118458,0.4800855256125638,0.2492918676028488,0.3081361952423401,1.4312269338094148,1.0065585474613326
0.0,0.0,52000050,0.0115629006579649,0.0001535766840256,0.9046178161815932,3.9743261763362265,30.0,1.8818956382066252,0.844402158654896,2.2411823149528067,0.6894750741414548,1.319972261429643,1.006326308628752,1.0026736745216267,0.4245235335934752,0.5188869662243117,0.1551348631121238,0.7758044592049503,1.0704247052718303,1.0704247052718303,0.1395597458176057,0.0096044432990097,0.6293555090567319,2.265871516391889,1.1028207412095874,1.0048945432681395,1.0068708712229233,0.3399250338693417,0.65679361976446,0.6098155622019477,0.6872578454490305,0.5318386506356083,0.5318386506356083,0.4410087967836342,0.2912498040354762,0.2824277077830203,1.4983967664326427,0.9905899273640176
0.0,0.0,52000051,0.0323225253655737,0.0004591661459343,0.8988203545069818,3.839818332678283,39.0,1.818430438241348,0.845184306830495,2.264426368690603,0.6936340864516518,1.419559469765324,1.007994141148259,1.002753274284534,0.5674659042775436,0.5219840372186051,0.1075937889710453,0.8536154479805041,0.8087604968863144,0.8087604968863144,0.1618893051484226,0.0149513323985873,0.8892362497885472,1.797184739742902,1.1038789482642448,1.0050029730869874,1.006948649224726,0.3365453186677707,0.6589346531057798,0.6235277405556064,0.6972267549193724,0.6562646386139571,0.6562646386139571,0.4577559662817469,0.267504083725461,0.2861713750224712,1.475519492594459,1.0175756600818808
0.0,0.0,52000052,0.0335652943887172,0.0002658914042646,0.8860431892999855,3.770152409479341,27.0,1.7874082518672807,0.8341270005590178,2.2332936056986057,0.6877224540241124,1.2879097821409842,1.006520440101299,1.0025409301198147,0.4362016932986498,0.5103270018823307,0.1390474995814007,0.772716507547897,1.0991353326121307,1.0991353326121307,0.1507245254830142,0.0119876444593194,0.5796978216700805,2.438972746554241,1.1071126270218448,1.00530199114465,1.0074146213304744,0.3386317712420751,0.6716404387477651,0.635767179770046,0.6954653098773103,0.6396349865448792,0.6396349865448792,0.4689207459471553,0.2549230062444915,0.2944147818143842,1.445975982311982,0.9910500569827068
0.0,0.0,52000053,0.0069056392505188,0.0001681401683093,0.892309773278257,3.787607101846127,31.0,1.7955950430563972,0.8529222029154397,2.2909464388021745,0.6959645841391011,1.2303448820863243,1.0051978069353036,1.002434664180612,0.3415499619450112,0.5091542727069042,0.1567394887427226,0.7253091593187294,1.179243717289577,1.179243717289577,0.1395597458176057,0.0088742549493824,0.4312571114836637,2.73646896135772,1.106027399659385,1.005292625503269,1.0070782054768732,0.3328486746038884,0.6621798279719512,0.632311625362521,0.7066644792253297,0.5562015468401167,0.5562015468401167,0.4633383561144511,0.2370388371692126,0.293947943906604,1.4499280929300653,0.992463352589288
0.0,0.0,52000054,0.0140251431296128,0.000120048306128,0.89424837818543,3.88222611507883,40.0,1.8360064160690388,0.8375133211244581,2.235195846967375,0.675760870623182,1.1958412406012489,1.004541539599378,1.0027267449334951,0.2880584095656681,0.5210315293497587,0.1604215517806029,0.7311960317612408,0.9320163052143084,0.9320163052143084,0.1507245254830142,0.007016309843453,0.3835321785021381,2.723109037540182,1.108521752733194,1.0050997493436258,1.0074404737786713,0.3344295796968171,0.6722128259385434,0.6171251975481703,0.6955629837066688,0.6026791306965231,0.6026791306965231,0.43542640695093,0.2589343536507935,0.2884315482682616,1.4873076751230814,1.0092680772147258
-5.0,0.15,51500001,0.0379550618082758,0.0005340018896139,0.8887268731310954,3.820403343023256,29.0,1.806136836213724,0.8348390232563054,2.221004104120987,0.6732506800403052,1.5690266162586866,1.011255470733507,1.002594039608451,0.6696798502221325,0.5150548796169182,0.0931110485706755,0.9116284474577364,0.5495540217508551,0.5495540217508551,0.2065484238100565,0.0210385512572409,1.0901335692762908,1.5108102065217774,1.107599134818557,1.0050904700997625,1.0070523015955892,0.3282189470236224,0.6610771699993592,0.6392199753378914,0.6884586429366114,0.6687485347529242,0.6687485347529242,0.4465911866163384,0.282039264009397,0.2874318117957999,1.4918314608328456,1.022547804720498
-5.0,0.15,51500002,0.0678255223307515,0.0015424479526214,0.8762823230182281,3.691174501138342,30.0,1.7534302567556643,0.8237865621025858,2.237485967588728,0.6869417985494145,1.1890047717100494,1.0042127775573748,1.00230174358753,0.2727681636441514,0.5033433027500941,0.1388377826572126,0.6945527761796072,1.1406719262684482,1.1406719262684482,0.1395597458176057,0.0085146238966552,0.3281738543023816,2.8787751975323004,1.1168216712032832,1.005858039551935,1.007543846940958,0.3487437411256759,0.6735896099774212,0.6311305960371638,0.6947384802466101,0.6076194875687255,0.6076194875687255,0.4633383561144511,0.2701468453570661,0.3112843496118585,1.421356152769912,1.0164537717421969
-5.0,0.15,51500003,0.0491952381283151,0.0009566783363065,0.8767550862734999,3.695657837603126,24.0,1.7556657716035278,0.8390368271954675,2.2851792102125272,0.6927272182725667,1.2584127373346348,1.0065234124409517,1.0023815077076623,0.4194400758319954,0.5075187216658629,0.1592102518770051,0.7739679135635936,1.0313989880780732,1.0313989880780732,0.2009660339773523,0.0110956517350701,0.5452435271885401,2.431200627392967,1.111774222797681,1.005858140521857,1.0074921676833946,0.3439244784949099,0.6738729872660848,0.6376265994016255,0.7032989524988044,0.6021973426088856,0.6021973426088856,0.4912503052779722,0.2839628772619203,0.3105631438533469,1.3979607858408234,1.0112554788773445
-5.0,0.15,51500004,0.0392356592892624,0.0004631325640051,0.8966795382741033,3.848236440978377,31.0,1.8269547523237464,0.8290158382720383,2.2143822393822394,0.6759929123535086,1.3780774576713786,1.0074769694962311,1.0023815077076623,0.4998598161377877,0.506394443554973,0.1492428696783936,0.835347476342043,0.9868300374275591,0.9868300374275591,0.1563069153157184,0.0122139119465902,0.7800120495496522,1.980240325121542,1.1057134136904434,1.0050033458306151,1.0071558950336243,0.3359018336069608,0.6646075480626416,0.6268146348328297,0.7006097529005579,0.5640913282945683,0.5640913282945683,0.485667915445268,0.3140376369538999,0.2854886561079843,1.4751076377286303,0.9995701755572564
-5.0,0.15,51500005,0.0165958105508074,0.0003423686022047,0.8996550314036762,3.812530548766941,30.0,1.8121113310593515,0.834100512734479,2.225613765125551,0.6761961461505758,1.232544031699333,1.004611777031754,1.002514369507352,0.378550755257085,0.5120804821257035,0.171665004962385,0.7671917615487454,1.1505801346162403,1.1505801346162403,0.1842188644792396,0.0085289901942898,0.5611852023227774,2.3326831421948206,1.107674735353937,1.004962942373854,1.0072594296200987,0.3252267042602886,0.6669305355532237,0.632688569838323,0.6952458276514903,0.594494648727562,0.594494648727562,0.4298440171182257,0.2605126741074537,0.2847941334432532,1.502366402080671,0.9938600256468454
-5.0,0.15,51500006,0.042817061119017,0.0006268060583134,0.8926695761520822,3.76469539640804,25.0,1.7894615186959213,0.8416461488064417,2.247643639236934,0.7104170504969778,1.3815318784477664,1.008071114721669,1.0024080879039163,0.5196234585891125,0.5084393472260982,0.140644628517223,0.8254210652915679,1.02679487046135,1.02679487046135,0.1507245254830142,0.0137130292680672,0.7550343592281225,1.9990224690849696,1.102803952177625,1.0050692132008268,1.007104105676127,0.3269496044142719,0.6632401897027258,0.6275927975443854,0.700174827687344,0.6052561323897597,0.6052561323897597,0.4465911866163384,0.2671828926302757,0.2883932639700462,1.4438034060646734,1.013662342521199
-5.0,0.15,51500007,0.0330860956682152,0.0003614614318961,0.8867234950512829,3.841967963386728,33.0,1.820583939489116,0.8371571019636425,2.264543688210755,0.6964736308895548,1.411005059844902,1.0083481934973206,1.0023815077076623,0.5839589517464885,0.5076637714585689,0.1210865318868244,0.8643787335970341,0.9026113347957044,0.9026113347957044,0.1674716949811269,0.0160139211487212,0.917933644036087,1.7848316875937835,1.1154804463396115,1.0053162333807828,1.007569681080202,0.3393732978196595,0.6760873233477588,0.6184509384910293,0.700785143085697,0.5771626395644367,0.5771626395644367,0.485667915445268,0.3046375543867849,0.2951424752966302,1.4666609881798558,0.9906206871801588
-5.0,0.15,51500008,0.0340610838491773,0.0006086003531135,0.8799071162296687,3.762456030989804,42.0,1.7803546496225082,0.831835599891705,2.234468965903052,0.7018113103716753,1.3733785589177214,1.0078842805566668,1.0025674868197152,0.5117524944609233,0.5136754834002303,0.1262795483517851,0.8364138655511454,1.0382921262282907,1.0382921262282907,0.1507245254830142,0.0130718209502006,0.7600502589134024,2.025743826836436,1.112236710982293,1.005501534692289,1.0072335514863762,0.3502137893424374,0.6666301612434349,0.6330547643011667,0.7000470247663113,0.5545803381565836,0.5545803381565836,0.4689207459471553,0.3049354839019779,0.2997672684146341,1.4502299102736755,0.9972760066524636
-5.0,0.15,51500009,0.0216816892708655,0.0002299464296402,0.8988056392885629,3.856526956753633,28.0,1.8315784192015585,0.8582719579021515,2.308067301799543,0.6923845083379796,1.342520907139085,1.0066818358964424,1.0021953364684106,0.5014503294855532,0.5000486838608945,0.164973415526521,0.8546084402072155,1.031262523435278,1.031262523435278,0.195383644144648,0.0099330784119428,0.871854775482949,1.8695345145567503,1.1101775228732798,1.0050275108126354,1.0073629054361042,0.3348132543731109,0.6705669490613484,0.6404784105642012,0.7051743984111053,0.6873897952746693,0.6873897952746693,0.4242616272855215,0.2838055825134823,0.2860307160071622,1.5299616082929537,0.981434013981244
-5.0,0.3,51500010,0.036338390740772,0.0006980422587112,0.8966987036902927,3.797660255005915,27.0,1.8037711268293355,0.841132227728406,2.24976133486448,0.6859653408205778,1.2578691361580234,1.005735369952407,1.0030183534466954,0.3675821423786513,0.531940666467814,0.1627285220330034,0.7639881296817144,1.1634190006509888,1.1634190006509888,0.1786364746465353,0.0091758279087377,0.4943325792565,2.408699350232715,1.110467167009633,1.0051219862263483,1.007337041987406,0.3360658975955577,0.6697358959282532,0.6336243085857234,0.6974718427815267,0.6432790379636788,0.6432790379636788,0.485667915445268,0.2911795540567767,0.2883883613256271,1.505622058683432,1.0044344720238747
-5.0,0.3,51500011,0.0529824394339094,0.0006901648118319,0.8882075715987363,3.79618398335473,28.0,1.8019811919171005,0.8410741105184111,2.2684200969368518,0.6912989441302846,1.4469013562489867,1.0086903922611588,1.002620588487418,0.6239598248758825,0.5166801297746207,0.1272207695898715,0.8835846492204729,0.8994640065077428,0.8994640065077428,0.1730540848138311,0.0181908634024172,0.9997613282811124,1.6600155473986664,1.1053522106966902,1.0055087788607902,1.0071558950336243,0.3544049279523421,0.6641479751950335,0.6344323519446254,0.6906773474928096,0.4443141244209496,0.4443141244209496,0.4465911866163384,0.3327336366401969,0.3004890412370066,1.4178404272266318,0.999445140593388
-5.0,0.3,51500012,0.0336713741807104,0.0006168604980255,0.8757087014388866,3.730568328943257,29.0,1.7734237752226154,0.8181899162658115,2.228414442700157,0.6904468241246243,1.3269475442404135,1.0074207786384677,1.0028328389347645,0.4675500998084891,0.5253049853756815,0.1323719488334807,0.7890406638442331,0.8943304861386483,0.8943304861386483,0.1898012543119438,0.013411471241404,0.6294999969862167,2.2895670700317194,1.1171980801517811,1.0057824673545026,1.0075180091424416,0.3495284292763874,0.674580545678535,0.6325252045226329,0.7056926334854489,0.5649380280733267,0.5649380280733267,0.4633383561144511,0.3102151854531211,0.3083623642506177,1.430785553561598,1.001759987927438
-5.0,0.3,51500013,0.0351522770265778,0.0004477745059817,0.8908680691488265,3.753168402777778,31.0,1.777602952704724,0.8617847650052541,2.322869083487219,0.7009742022900278,1.451181685378063,1.0082575013235424,1.0030713225843684,0.5831192031730976,0.5338383409299394,0.1230204644108398,0.8796046112203879,0.7935069234920558,0.7935069234920558,0.2009660339773523,0.0143033909424635,0.9465226143867924,1.7137275821647115,1.1024941554487475,1.0052031813176874,1.0070263940310042,0.3343298220770759,0.6609676500326789,0.6390326388432622,0.6973416651639328,0.5367481257230294,0.5367481257230294,0.4521735764490426,0.2866749160717763,0.2905139828797256,1.450381424248857,0.9916640815219124
-5.0,0.3,51500014,0.0566530710903714,0.001122450577895,0.8867057652812771,3.776375112714157,27.0,1.791554071242578,0.8354523512100104,2.253751802721574,0.7049315227179683,1.4291155047501318,1.008528083604563,1.0023283355508723,0.5723678272120367,0.502489216903163,0.1164611844421475,0.8536920586882052,0.9387766151978394,0.9387766151978394,0.1618893051484226,0.0152929346860884,0.8850821984664615,1.7661866054307345,1.112243531897524,1.0053899368407948,1.0070523015955892,0.3369877257083721,0.6617773033962258,0.6343515916994831,0.7031370892319628,0.666848514949379,0.666848514949379,0.4689207459471553,0.2904904514232308,0.2965523770530442,1.461817114551208,1.0184499913679936
-5.0,0.3,51500015,0.0501847503179221,0.0012873631261996,0.8899940197035032,3.852491030473682,28.0,1.828970947854044,0.830726133895691,2.237579833832589,0.6926451731566362,1.220796878539942,1.004264526563891,1.0025409301198147,0.3074151392611367,0.5119521218137294,0.1896616792032037,0.7043969476230257,1.007655122290235,1.007655122290235,0.1618893051484226,0.007366179632078,0.4260040834606565,2.831810518468257,1.1136139505476312,1.00557060464897,1.007543846940958,0.3395714299150243,0.6747922791257518,0.6318230980610143,0.699033162967963,0.6970802251601482,0.6970802251601482,0.4410087967836342,0.2919360206711694,0.302533898396518,1.4614272204747834,1.0037786038167498
-5.0,0.3,51500016,0.0461304712969472,0.0008254298939669,0.8931545298612193,3.7749121265377856,29.0,1.798031607958806,0.8384427465044961,2.245503647196392,0.7040087236062958,1.3775549756474197,1.009137735546314,1.0025409301198147,0.4738028953689981,0.5136989305211012,0.1405085420662093,0.7970210302133907,0.877783535169482,0.877783535169482,0.2065484238100565,0.0151216853317403,0.6086558170427189,2.104209894138552,1.112643548386908,1.0049464500561929,1.0074404737786713,0.3281736463251129,0.6720961465994536,0.6486906882751828,0.6991094832882787,0.6921355944730677,0.6921355944730677,0.4689207459471553,0.2672948384457996,0.283700583699237,1.558337154265291,0.996112044034067
-5.0,0.3,51500017,0.07991136210901,0.0019189442239449,0.8851622616259619,3.86840902860276,35.0,1.8252167937739672,0.8151451154232184,2.200748006492132,0.6753529239413991,1.4573146250809774,1.0094417643680529,1.002275147699018,0.5784217286694228,0.5028384964109416,0.1014452420809625,0.865227273334611,0.8633191757732067,0.8633191757732067,0.1786364746465353,0.0174098333046305,0.8483617790574098,1.8163520271428844,1.1079972280251784,1.0055383900608763,1.0071817841944062,0.3405237690682475,0.6655343570340642,0.6209481784151585,0.7003925782630918,0.5021889318788539,0.5021889318788539,0.485667915445268,0.3078245449811869,0.3015523299992798,1.431379918811703,1.0181807798933131
-5.0,0.3,51500018,0.0498890200940834,0.0010169340120487,0.8666407055802303,3.6753704695590073,33.0,1.7379964097785192,0.8350032626770791,2.272712949568157,0.6815376284593441,1.36159788281671,1.008433699701522,1.0026736745216267,0.5335328108541327,0.5189883366849962,0.135032922509379,0.8515561331426909,0.9820664066066548,0.9820664066066548,0.217713203475465,0.0126272047594782,0.8173173901674619,1.9037359251414177,1.1138336510174205,1.0061765609461588,1.0073111748693486,0.3489596014043556,0.6685504149609243,0.6426067188537703,0.703819170465295,0.6677385072592669,0.6677385072592669,0.4577559662817469,0.2899138909763042,0.3185805551940072,1.3790299486912592,1.0075823256806984
-5.0,0.5,51500019,0.0734886423590568,0.0024352320431238,0.8846001211437642,3.725873141550101,29.0,1.76778060553201,0.8291716272949433,2.2442019870825503,0.6907009104996988,1.4859226458990074,1.0099064117325594,1.0030713225843684,0.6011212252169377,0.5332671476245735,0.1308087388187244,0.8698223880924465,0.8348440949540018,0.8348440949540018,0.1451421356503099,0.0173022076686357,0.8817251633505393,1.754822873952405,1.1087380634364172,1.0056777451783645,1.0073111748693486,0.355763560218851,0.6689114281550641,0.6373590520388849,0.7019071552532224,0.4502673160953256,0.4502673160953256,0.4968326951106765,0.3415726852232865,0.3056538252199239,1.4034546804720105,1.0357419079188193
-5.0,0.5,51500020,0.104080060474017,0.0036475714635367,0.8896577250902211,3.824486187845304,34.0,1.804112378018104,0.8268422080792918,2.2098733203264542,0.6834714815481483,1.3430128370984116,1.007129377757981,1.0023815077076623,0.4756548708198889,0.5072745130771033,0.1399426193982649,0.8249162384924152,1.0566531999061783,1.0566531999061783,0.1618893051484226,0.0103514084221941,0.7452967549828294,2.0474638250919406,1.1038773593611777,1.0058372049946298,1.0070523015955892,0.3613959510640933,0.6616775225986454,0.6344246812069273,0.6999884093755121,0.4290684736514824,0.4290684736514824,0.4689207459471553,0.3703391986693041,0.3109289465515107,1.3540215782626597,1.0270902802266444
-5.0,0.5,51500021,0.0833351821924804,0.0020106363357248,0.8781165491277374,3.790606116095953,28.0,1.7963154768895238,0.8228485073439737,2.247599322161552,0.6873433195618721,1.4084220522137534,1.0093308125751523,1.0024080879039163,0.5458933411890978,0.5077242357669,0.1275045492683018,0.8388041834130133,0.8137692986986084,0.8137692986986084,0.1618893051484226,0.0159328591396649,0.7536705322634317,1.962330695573123,1.1119974203173726,1.0057396938014194,1.0072853040806675,0.3509128110060432,0.6684179230613922,0.6242196756159064,0.6973629216715975,0.6755711364423371,0.6755711364423371,0.485667915445268,0.3165671756536865,0.3085415644587757,1.395493536684908,1.0199886358913612
-5.0,0.5,51500022,0.068697143531485,0.0017921645645089,0.8853230060012044,3.761646373742721,34.0,1.78992754270497,0.8281298668937018,2.248738334883983,0.6883204171418194,1.307962090469956,1.0063460961796866,1.0023549235904488,0.417006224034902,0.5064594000280997,0.1672185584816663,0.7659672707445271,0.9585407110075072,0.9585407110075072,0.1730540848138311,0.0116011979021159,0.543545119411308,2.269441442063713,1.1153075361821922,1.0056454786736844,1.0073629054361042,0.3504177363951254,0.6704271314989638,0.638780772079353,0.7049165042593354,0.5681839280399027,0.5681839280399027,0.4521735764490426,0.3195599588103887,0.3050708282628899,1.4476938665934438,1.0120891750934522
-5.0,0.5,51500023,0.1102076514151775,0.0038576808821558,0.8935502842579887,3.8817570596145226,25.0,1.841346529457002,0.8225941249909718,2.2153525529697813,0.6844979202532627,1.3369852165627674,1.0079191794180302,1.0026471334580116,0.4680140853270695,0.5170513180217672,0.150829117639423,0.8040838704093111,0.8763575599716447,0.8763575599716447,0.1842188644792396,0.0129047374661064,0.6278096155745566,2.123160440411566,1.1074535212869714,1.0056596773865043,1.0072335514863762,0.3557416160907035,0.6661047158810252,0.6194533507644407,0.6960411447990655,0.559521505308327,0.559521505308327,0.4577559662817469,0.3414573233665429,0.3056178408538355,1.39639421253571,1.0358365017033564
-5.0,0.5,51500024,0.1230697564268577,0.0047579124588008,0.8982844024363761,3.9137193061500337,29.0,1.8436030909502077,0.8275715866433646,2.2423749947462066,0.6781940714000247,1.4523977145917475,1.0088141960569077,1.002620588487418,0.6191905501542563,0.5150626959877517,0.1120829299821611,0.8903424981613637,0.7933249933928129,0.7933249933928129,0.1842188644792396,0.0168445596762171,1.0303357762243868,1.620335131053177,1.1033829644880808,1.005775544480729,1.0068968009140395,0.3643748981707384,0.6568665891437667,0.616483299497937,0.697967502425459,0.7026706258683602,0.7026706258683602,0.4521735764490426,0.3646549196386323,0.3093221288768705,1.3737536780368589,1.0342063263619965
-5.0,0.5,51500025,0.09416893028713,0.0028580386080713,0.8785593120885921,3.795280671029588,30.0,1.7950704191252718,0.8108403657196505,2.1897373842142414,0.6675855431248471,1.411524159998454,1.0078349110586131,1.002275147699018,0.494945434593656,0.5032952252328169,0.1309191292548592,0.8286955671214741,0.9856763271699152,0.9856763271699152,0.1786364746465353,0.0116839940334526,0.7350065718749781,1.958613182596872,1.1139008698722517,1.0062160320429874,1.0073887652167062,0.3546929278608053,0.6709882792698108,0.6282913074394126,0.7098952215688126,0.6405404960600509,0.6405404960600509,0.4912503052779722,0.3137784504606956,0.3215830610154949,1.367359009405943,1.034229968108535
-5.0,0.5,51500026,0.0894916793396955,0.0029597158300464,0.8927982920686903,3.859459701626271,38.0,1.8257363556091757,0.8170917494895897,2.20389109409068,0.6777817161460737,1.3436822286644834,1.0066224654489857,1.002514369507352,0.5251185410319527,0.5096970849450093,0.149117324143435,0.8441889304045969,1.0112675445935355,1.0112675445935355,0.1339773559849015,0.0124994713836612,0.8796768348168607,1.8722493282712505,1.1061486458592955,1.005685674442291,1.007104105676127,0.3512183155039989,0.6630004494171422,0.624430910128848,0.6938661012544498,0.5870279799896162,0.5870279799896162,0.4745031357798596,0.3167191885303195,0.3061096213721321,1.3956507595690095,1.034121129973214
-5.0,0.5,51500027,0.0945091017896234,0.0032739000736402,0.8717682375793333,3.6772554002541296,34.0,1.7398274708661814,0.8097298251809995,2.2186219262295084,0.6875758412900127,1.266680262082011,1.006248216854136,1.0025409301198147,0.405101162877797,0.512389495534573,0.167427743531482,0.7666770260960276,1.039628574772407,1.039628574772407,0.1674716949811269,0.010237957362738,0.5531083945708299,2.4503668154074334,1.1093093459523315,1.0063123543520622,1.007104105676127,0.3586613962668174,0.6629083902029751,0.6328518930207756,0.7033519456731284,0.5495609842819177,0.5495609842819177,0.4912503052779722,0.3301555117145298,0.3227227442837765,1.3275305430601312,1.0371366477778985
-5.0,0.7,51500028,0.1635269593177876,0.0087170992068205,0.8914982930577473,3.925386012715713,30.0,1.854490879572373,0.7986014418762957,2.199747155499368,0.6705623483398403,1.478822910264859,1.0103481421630105,1.002753274284534,0.6155834323410386,0.5204133488126845,0.1224085153316891,0.8674461116574379,0.947098786909462,0.947098786909462,0.2009660339773523,0.0189672627379766,0.9110634529204182,1.7341272706487394,1.1086358775619545,1.0064823921200656,1.0072853040806675,0.3838916121049338,0.6684218086679005,0.617963710656064,0.7070461533191855,0.5521883253038197,0.5521883253038197,0.4745031357798596,0.4683624633952232,0.3284545433656293,1.3104416480532086,1.0778326417375408
-5.0,0.7,51500029,0.1689993716798144,0.0109950693228195,0.8885606902757927,3.837280541331383,31.0,1.8141988750311784,0.7541315970567996,2.1265673513255314,0.6465533846624202,1.33985849520967,1.0060536210316051,1.003097801325358,0.4541822023981893,0.5351924588844953,0.1679246300473608,0.8010482727070228,0.8343540389652044,0.8343540389652044,0.1730540848138311,0.0095091594864285,0.7199329516247991,2.078524514648722,1.1099178870810662,1.0067605548362608,1.0071300021946208,0.3946235700556703,0.6636476871316175,0.6192191513931943,0.694359619067152,0.505734089419727,0.505734089419727,0.5079974747760849,0.4701316638849049,0.3360871412007011,1.2782526399298724,1.127927291265039
-5.0,0.7,51500030,0.1411266792119435,0.0074396784871205,0.8937872835734032,3.8236706384492254,29.0,1.8175270530081584,0.7961588825840245,2.1966766548624355,0.6574130916519296,1.258708261582999,1.005827341822359,1.002514369507352,0.3727859146292371,0.5125109212641372,0.1736070987561208,0.7673050536478937,0.9786114372906192,0.9786114372906192,0.1898012543119438,0.0091007181399652,0.4976218486306699,2.392526420056991,1.112352816897599,1.0063140289892785,1.0071558950336243,0.3802768299961762,0.6648427098002371,0.604956924761293,0.6939343443378058,0.5914889620493609,0.5914889620493609,0.5079974747760849,0.4224885324425027,0.3242938168531081,1.3489005621869046,1.060331288318004
-5.0,0.7,51500031,0.1470788944909335,0.0076309866702366,0.8847601227767733,3.782536401222362,29.0,1.7899620860310437,0.7777719379388639,2.175949888248441,0.6684422424882356,1.290986126501323,1.006057940522059,1.0024878049809298,0.4255562571307565,0.5108617059594395,0.1591755021885044,0.7937916998065332,1.0049427485573208,1.0049427485573208,0.195383644144648,0.0098885350127148,0.6323405452119133,2.3566669549722667,1.1097068333660274,1.0064054308656627,1.0072335514863762,0.3839478804039019,0.6665699814496213,0.620914867641951,0.6981981726004385,0.5316754979500998,0.5316754979500998,0.485667915445268,0.4279331072456793,0.3274091981790107,1.3322665859393614,1.0708493510695924
-5.0,0.7,51500032,0.145756934238493,0.0076569246820186,0.8821036368950687,3.791197451657768,25.0,1.7977095398823013,0.7994488287611173,2.2179295964320365,0.688588296669716,1.406619430416788,1.0087848526296344,1.0027267449334951,0.5613831022122897,0.5208807047901722,0.1385647428741082,0.8502997626643884,0.7423349971016706,0.7423349971016706,0.1618893051484226,0.0155075423823261,0.8378091902112443,1.8829424696955377,1.107407322906924,1.006388552174278,1.0072335514863762,0.3804075063612289,0.6670060366586607,0.6318438387003548,0.7072486401407724,0.5623147705037799,0.5623147705037799,0.4800855256125638,0.4365550285704705,0.3257643035277175,1.3243295509560185,1.075576360784224
-5.0,0.7,51500033,0.166681757995023,0.0106903995926885,0.9035180113756056,3.9560946363510574,33.0,1.8710841515211796,0.7790446597851275,2.14901066333498,0.6538205004100472,1.250552615702512,1.0055400373219103,1.0023549235904488,0.3884302118562943,0.5052174191202154,0.170580843675853,0.7759303868554606,1.1714785354128785,1.1714785354128785,0.1618893051484226,0.0076964326832075,0.5885014033402676,2.3464192250742597,1.1136704224159912,1.006474316462063,1.007337041987406,0.3854966114363914,0.669738613631858,0.6393054971937865,0.7094658038713482,0.6089074391774605,0.6089074391774605,0.5024150849433807,0.4258570682720543,0.3270094530228726,1.3387695027667137,1.1198553549366537
-5.0,0.7,51500034,0.1681030240721021,0.0097193734665463,0.8776985249118957,3.799872093554429,32.0,1.7961885269065017,0.7614430117964842,2.13648138553771,0.6543564226619857,1.2996165279888774,1.0061226647106627,1.0024612365391496,0.363811479061006,0.5093136448878232,0.1572387944924247,0.7771017312930786,1.0103936992324736,1.0103936992324736,0.1674716949811269,0.0081880444559131,0.5283052845927212,2.3157915107415583,1.1134332274751402,1.0070287697368796,1.0074663225625575,0.387669532885596,0.6731346529363909,0.6429941156254992,0.7063025957129513,0.5660491067568648,0.5660491067568648,0.5024150849433807,0.4159923578237907,0.3426446998233025,1.2766980830690071,1.1309167285408264
-5.0,0.7,51500035,0.1615415619365144,0.009572717227155,0.8790198421670273,3.8674624603287375,31.0,1.82948714362886,0.7758954814120991,2.178648084887693,0.6665220887744675,1.2582009013607156,1.005970130420138,1.0029123685098469,0.3673103144329699,0.5276663997320931,0.1586520956214182,0.7596144777338562,0.9049625880036904,0.9049625880036904,0.217713203475465,0.0083759770546297,0.5117716673636459,2.45192857537341,1.1104459465431,1.0068426523030929,1.0072335514863762,0.4054125375595451,0.666500538291856,0.6055633561318782,0.694272412782246,0.5252523368979988,0.5252523368979988,0.485667915445268,0.5978892445134518,0.338255675201086,1.2813285869827409,1.0815790060184394
-5.0,0.7,51500036,0.1663812331428123,0.0109804581304433,0.8846602751146311,3.785934085537172,29.0,1.7968938034673447,0.7790225093789078,2.174722541418784,0.6703424284895185,1.2607812660182605,1.0059244991099392,1.0026471334580116,0.3636219419771264,0.5177504130950111,0.1670886404520157,0.7555926621282404,1.0834635129601005,1.0834635129601005,0.1618893051484226,0.009606143926654,0.4730817084996817,2.4302579995180884,1.11105375122933,1.0069243290195409,1.0072853040806675,0.3942619483022045,0.6675580931073611,0.627063649345124,0.7016020611182562,0.5588322202156792,0.5588322202156792,0.4968326951106765,0.4198483673205215,0.340757935043504,1.2791476472502752,1.1065052266187203
-5.0,0.9,51500037,0.2826554308321939,0.0282233578557854,0.8973562070988258,4.067024253731344,35.0,1.918657004555837,0.7114777042533266,2.090028266094291,0.6250552137056543,1.365008039268128,1.0073497817817014,1.0027002116796568,0.4540124976309301,0.5199938796330428,0.1380966935633037,0.7859184684757385,0.9809463537026356,0.9809463537026356,0.1674716949811269,0.0119346718592821,0.6155807317208621,2.2060044003000416,1.1150990663097289,1.0077011920086263,1.0073887652167062,0.4401160715932918,0.670762102304685,0.6066405460212302,0.6931664161835556,0.600071346896662,0.600071346896662,0.5079974747760849,0.7802179205638292,0.3601334457027718,1.2307857244310207,1.2711784327698925
-5.0,0.9,51500038,0.2210479674367583,0.017219080540046,0.8722098271660789,3.932869726471952,40.0,1.8487129810972784,0.749221167785649,2.1322916209454417,0.6537954958353255,1.512626663313786,1.0105394343282144,1.0024612365391496,0.6401755294799191,0.5071457771831879,0.1074556823706913,0.8790402908668826,0.8399952361918902,0.8399952361918902,0.1730540848138311,0.0211613471881452,0.9600741093553636,1.6610342101581343,1.1124592552709691,1.0076542810744915,1.0071817841944062,0.4307649924064702,0.6650924014469227,0.6126257919995513,0.6856672170590935,0.4551961633078654,0.4551961633078654,0.5135798646087892,0.8353557627358718,0.3591520232347226,1.2148536184649406,1.1545764975388637
-5.0,0.9,51500039,0.2432793286193817,0.0218581166600986,0.8852419964578305,3.919609281849033,37.0,1.8502668909168,0.7299095814647182,2.1277267031988285,0.6289577600824618,1.3827914324155095,1.0087200752826424,1.0024612365391496,0.5455830732107066,0.5093327953595522,0.1330983349977727,0.8413703748422854,1.031832346169544,1.031832346169544,0.1898012543119438,0.01655604174172,0.7617033373187972,1.953139176929949,1.1084208996267593,1.0070939697301846,1.0074404737786713,0.4374604624561341,0.6725000316399642,0.5771423056406447,0.6969334066096299,0.449324641432171,0.449324641432171,0.4912503052779722,0.8755448598317771,0.3464289986611792,1.2426511295848806,1.1880536375664812
-5.0,0.9,51500040,0.196502381537186,0.0147088306353107,0.8727427899376567,3.8056639738585822,31.0,1.8022087595414724,0.7389546320292253,2.1523805193033514,0.650654564027233,1.4455778375664914,1.0088067381455743,1.0025409301198147,0.6194220631215791,0.5137038096188592,0.1270261542108483,0.9002213783304143,0.7047161647313165,0.7047161647313165,0.1842188644792396,0.0166267410705684,1.0707729187615795,1.5586643411995085,1.1168718804302744,1.0076786825421982,1.0073887652167062,0.4295402224947965,0.6712052509258014,0.5914759684802201,0.6985346252104315,0.5033435189791348,0.5033435189791348,0.4912503052779722,0.7246833092105182,0.3594587735038973,1.241365752643527,1.1311127390363052
-5.0,0.9,51500041,0.2141382764461295,0.0147939995810631,0.8635314903346497,3.799222679469593,36.0,1.801651756241516,0.7562980669299522,2.1706163964743257,0.668836577252022,1.4612446096974478,1.0102414213192283,1.0030183534466954,0.5980009657173389,0.5317668711018146,0.1261566470531491,0.8421887904919296,0.7286680443193022,0.7286680443193022,0.1730540848138311,0.0212013139184701,0.779984066169657,1.8329027411630328,1.1144788141607034,1.0075011287886144,1.0072076696782342,0.4289934211745043,0.6649754295388797,0.6072190329781214,0.696745160200115,0.4035476190445777,0.4035476190445777,0.5135798646087892,0.8551198363357502,0.3554372279521531,1.2399127053339152,1.1349462158447858
-5.0,0.9,51500042,0.2504216489409998,0.021581829524595,0.8889876675935785,4.007549280022368,32.0,1.8865336620904805,0.7331269317841157,2.110886226653769,0.6261027986255544,1.2234572632143004,1.0054631212093912,1.0026736745216267,0.3464961848441741,0.5187680274407777,0.1648917313025049,0.7473669076505756,1.0434652022700506,1.0434652022700506,0.1507245254830142,0.0088846731398086,0.4559528661276799,2.459371789576964,1.113838679389455,1.0072892948481158,1.0072335514863762,0.4386063098045922,0.6667514151535582,0.5989179679900587,0.6891925747764682,0.5887507390159662,0.5887507390159662,0.5024150849433807,1.03057738554321,0.3504672891794635,1.242058233201942,1.2089453276519495
-5.0,0.9,51500043,0.2335171206129302,0.0182276557695352,0.8696069331609082,3.898999345366128,36.0,1.8371878149568064,0.7254372334101599,2.1097008022079677,0.6481564685061239,1.475819533581951,1.010396397287281,1.0025674868197152,0.6676139453048342,0.5143527345179819,0.1203082012796656,0.908836504580276,0.7012406745119716,0.7012406745119716,0.1898012543119438,0.022447629170239,1.095971725020182,1.535576452197073,1.1128356427440576,1.0076493727534517,1.0073111748693486,0.4368606399269594,0.6690939077525235,0.584386850895141,0.6899710231598638,0.4634207082944009,0.4634207082944009,0.5079974747760849,0.8545996727201676,0.3610664310774122,1.211275496544017,1.1518468755458646
-5.0,0.9,51500044,0.2859348668384455,0.0296615240513143,0.8915535699232909,3.934526854219949,28.0,1.8634810171161167,0.7071935850965186,2.103472592221143,0.6326989583840974,1.340261203502241,1.00699160610719,1.0024612365391496,0.4985378924318682,0.51074042696739,0.1551973827868651,0.8421046577356336,1.0111001566712348,1.0111001566712348,0.1730540848138311,0.01056367662837,0.8097409156265433,1.931382356937148,1.1135066066785475,1.0078381221328434,1.0073111748693486,0.442462028872904,0.6689757777498451,0.5967022816397665,0.6981880426537307,0.4207123711836613,0.4207123711836613,0.4745031357798596,0.8261875982790226,0.3631245228227289,1.2074446651325976,1.290746923787866
-5.0,0.9,51500045,0.2394333762696069,0.0196273047631145,0.873954840626459,3.804212276569212,31.0,1.806541230434162,0.7283116166546412,2.120844147818564,0.6574620677317611,1.157205549226537,1.0044402688649887,1.0027267449334951,0.2580392160373573,0.5206843580293852,0.1815723320482971,0.704846079210835,1.3329075476536332,1.3329075476536332,0.1618893051484226,0.0083722791458593,0.3257458439896205,2.608060430756505,1.1183371928958583,1.0078743281791434,1.0073629054361042,0.4421570240555455,0.6699476567975494,0.5984616560770613,0.6989602673247551,0.5478349275071106,0.5478349275071106,0.4912503052779722,0.81086144327811,0.3647074085734373,1.2287596380395842,1.1482805237146465
-5.0,0.0,51500046,0.0136169223163755,0.0001198893520502,0.8918196924759682,3.828434692311165,30.0,1.8137760284563196,0.8413579857386256,2.2440461163005976,0.6916905987940102,1.3094208302000283,1.005654008396372,1.002088866456575,0.4299550471836035,0.4953005402266768,0.1492105721199249,0.7841115059363053,1.0554875474577154,1.0554875474577154,0.1563069153157184,0.009266651891296,0.6501878937465863,2.2811052842726456,1.1071056332645743,1.0051157107584157,1.0070782054768732,0.3387056822327915,0.6626264602112442,0.636065662292003,0.6956680875533677,0.389246435985232,0.389246435985232,0.4800855256125638,0.3036776767613125,0.2884162954763669,1.474026444732548,1.0195742278889928
-5.0,0.0,51500047,0.007181357108258,0.000148459764009,0.8812146284610296,3.682256932256932,38.0,1.7536675524666818,0.8399762702254329,2.269010409280426,0.7124456545183443,1.2979864957554628,1.006547602311717,1.0023549235904488,0.3842815052425198,0.5065110372102725,0.1492122987052277,0.7520721813318875,0.8263709514173732,0.8263709514173732,0.1618893051484226,0.0105275255494277,0.493554677057406,2.367691124699796,1.117455569206885,1.0053718625559178,1.007569681080202,0.3339066350298748,0.6756748311477195,0.6525585371426423,0.70137540296724,0.7785016005995637,0.7785016005995637,0.4633383561144511,0.2794031853005629,0.2955810655089432,1.5186389251511034,1.0141781392139697
-5.0,0.0,51500048,0.0164861839986704,4.829691692393468e-05,0.8864974937343358,3.8242634471574015,26.0,1.807292638328967,0.8315580618212197,2.237551983814769,0.6826903814669127,1.1817362079956764,1.0044886115305038,1.0026736745216267,0.2821138520917736,0.518047512812468,0.1993966780684956,0.7054101567033101,0.9255040718630406,0.9255040718630406,0.1786364746465353,0.0079231571613568,0.3603848885117527,2.824359363099728,1.1096797865881545,1.005326099760702,1.007337041987406,0.3390761303522302,0.6697472176465317,0.6131461771175545,0.6940469838672136,0.6394572531700895,0.6394572531700895,0.4689207459471553,0.2970041279723606,0.2946038779464268,1.4489019635598488,0.9915594677187954
-5.0,0.0,51500049,0.0127847375375275,0.0001395001038216,0.8844266326242323,3.75920654687778,28.0,1.7866714182485115,0.830809798361359,2.2433566433566434,0.6922625805841832,1.4243462697560996,1.008497873706786,1.0025674868197152,0.5743422814334049,0.5145539966437251,0.1332608769039774,0.8649297696086086,0.968509945637502,0.968509945637502,0.1618893051484226,0.016022019462398,0.9106738126831198,1.7844746076592934,1.1044834381387425,1.0054710602735504,1.0072335514863762,0.3292254608095334,0.6665315303330079,0.6357706500561563,0.7099877667410155,0.6246435834117121,0.6246435834117121,0.4521735764490426,0.2639313473672187,0.2999047797001694,1.4443440833976375,1.009433772657603
-5.0,0.0,51500050,0.0254059117920741,0.0002470853647895,0.8854430249542266,3.828885330486612,35.0,1.8097607693331283,0.8256958587915818,2.2249708963911523,0.6778645682229264,1.4696417647096964,1.0098394557863135,1.0025409301198147,0.6261245164308555,0.5125827692392857,0.1026326857383729,0.8896204908483268,0.9199624315422822,0.9199624315422822,0.195383644144648,0.0200568317207461,0.9923980080458096,1.6484199607140146,1.1044799805944825,1.0052927337774604,1.0070782054768732,0.3391787986205766,0.6620624833108304,0.6198043745344998,0.7009246892023735,0.6496786497636683,0.6496786497636683,0.4577559662817469,0.3025129178552976,0.2948645821271614,1.4476846132534515,1.0026880293976614
-5.0,0.0,51500051,0.0419683486385492,0.0008391440456507,0.8866939050587591,3.828150572831424,33.0,1.812838107920148,0.8390337391011331,2.242681828417023,0.7007838359691303,1.4621789952418454,1.0094110581759008,1.002753274284534,0.5617365684373676,0.5215931176963905,0.1360256705021887,0.8494041792036687,0.9305922996985906,0.9305922996985906,0.195383644144648,0.015018465478111,0.8438388651052583,1.8223281474515312,1.1038163717047529,1.0051351613045247,1.0071300021946208,0.3357554138713079,0.6639892140210393,0.627366929805547,0.6922923863736162,0.6475306094369934,0.6475306094369934,0.4242616272855215,0.2993663274629305,0.2888829473314461,1.4516114302925751,1.0054105441135428
-5.0,0.0,51500052,0.0156914729135577,6.277906321880785e-05,0.8900633592844128,3.7968908713509695,30.0,1.8038424995988769,0.8579903097565016,2.310652001171009,0.6900003095889481,1.3939590463083833,1.0074292513114695,1.0029123685098469,0.5420964729464137,0.5275950751954075,0.1313752487700671,0.8402828329536576,0.8401541031206322,0.8401541031206322,0.1563069153157184,0.0131721863135548,0.8365473638694879,1.9183781131898805,1.1118462734105157,1.0052298620984474,1.007104105676127,0.3363110212145496,0.663314174519537,0.6467086014656731,0.693028266280494,0.6420566556592637,0.6420566556592637,0.4298440171182257,0.2817502858947579,0.2922375062046499,1.506724961882982,0.9878156802617728
-5.0,0.0,51500053,0.0348554244807583,0.0002697424492369,0.8851972800363764,3.73249379057911,25.0,1.7691534083310785,0.8433799061653887,2.2475420671421884,0.6871984103827752,1.4688593064274995,1.0100983585573555,1.0029388705802076,0.59734298195264,0.5283952563035511,0.1109357629541974,0.8517405781663805,1.010849824418177,1.010849824418177,0.1395597458176057,0.0194408107982631,0.832177623128373,1.815064473440121,1.1041178154268414,1.005274939584927,1.0069745678468454,0.3391008297427705,0.6597237464714825,0.6393354099620187,0.6938523767831962,0.632841153776241,0.632841153776241,0.4745031357798596,0.3160204968977203,0.2934781004962311,1.4503727266040711,1.0174626794338288
-5.0,0.0,51500054,0.0292219667592556,0.0001488560704395,0.8708969485687884,3.676048222675295,29.0,1.7447628973619786,0.816504609698217,2.2170299513878,0.6943374348625123,1.4825675273952388,1.0102434787730838,1.0023283355508723,0.6380924779920399,0.5051382423120622,0.1285323196283934,0.8922644536172443,0.8903961770198082,0.8903961770198082,0.195383644144648,0.0209188364181908,1.0234607498088253,1.6166716635200704,1.1119171677054096,1.0057924312843052,1.0072853040806675,0.3531210678539903,0.6679668663232174,0.6393949525199196,0.7020130566429472,0.7469732711300501,0.7469732711300501,0.5135798646087892,0.3075810474778408,0.3091056626678067,1.39477911415531,0.9887109988493288
